Sequence,pMIC,Split
AKRHHGYKRKFH,-5.998781725756073,train
AKRHHGYKRKFH,-0.03299744109398576,test
GIGKFLKKAKKFGKAFVKILKK,-2.691295472737755,train
KKVVFKVKFKK,-1.1791690749763257,train
KKVVFKVKFKK,-1.1791690749763257,test
KKVVFKVKFKK,-1.1791690749763257,test
KKVVFKVKFKK,-1.1791690749763257,test
KKVVFKVKFKK,-0.7641315756974819,test
KKVVFKVKFKK,-0.7641315756974819,test
VSRRRRRRGGRRRR,-1.3219280948873624,train
GMWKKILGHLIR,-4.321928094887363,train
GMWKKILGKLIR,-3.700439718141092,train
VNWKKILGKIIKVVK,-5.554588851677638,train
KNWKKGLGKGIKGVK,-4.491853096329675,train
FLPILASLAAKFGPKLFSLVTKKS,-5.321928094887363,train
FLPILASLAAKFGPKLFSLVTKKS,-5.321928094887363,test
KQSHKKGGHSFPKEKIS,-4.964124637536094,train
KMDSRWRWKSSKK,-5.122771941183051,train
FVPWFSKFLGRIL,-1.6438561897747246,train
KWGWKGVKGVK,-4.287620044112067,train
KWGWKGWKGVK,-4.287620044112067,train
KWGWKGVKGAK,-4.965784284662087,train
KAGWKGVKGAK,-4.965784284662087,train
KWGWKGAKGAK,-3.9653225483672547,train
RGGLCYCRGRFCVCVGR,-1.0707240719726994,train
KIFGAIWPLALGALKNLIK,-3.0,train
GGYKGPYTRPILRPYVRPVSYNA,-5.643856189774724,train
HSSGYTRPLRKPSRPIFIRPIG,-2.9068905956085187,train
IKKILSKIKKLLK,-2.329252612289774,train
GWLDVAKKIGKAAFNVAKNFI,-4.0,train
GWLDVAKKIGKAAFNVAKNFI,-4.0,test
GWLDVAKKKGKAAFNVAKNFI,-4.954196310386875,train
IFGAIWPLALGALKNLIK,-2.0,train
IFGAIWPLALGALKNLIK,-6.965784284662087,test
DIFGAIWPLALGALKNLIK,-4.0,train
KRFKKFFKKVKKSV,-5.3220966532504,train
KKRLKKIFKKPMVIGVTIPF,-2.3212708139846523,train
AKRHHGYKRKFHAKRHHGYKRKFH,0.0049293094478964385,train
AKRHHGYKRKFHAKRHHGYKRKFH,0.9956514958598858,test
AKRHHGYKRKFHAKRHHGYKRKFHAKRHHGYKRKFH,0.5872565775959246,train
AKRHHGYKRKFHAKRHHGYKRKFHAKRHHGYKRKFH,1.5779787640079137,test
FVPWFSKFLPRIL,-0.6415460290875237,train
FVPWFSKFLPRIL,-1.6438561897747246,test
FVPWFSKFLGRIL,-0.6415460290875237,test
FVPWFSKFLGRIL,-1.6438561897747246,test
FVPWFSKFLGRIL,-1.6438561897747246,test
FVPWFSKFLGRIL,-0.6415460290875237,test
FVPWFSKFLKRIL,-0.6415460290875237,train
FVPWFSKFLKRIL,-0.6415460290875237,test
FVPWFSKFLWRIL,-1.6438561897747246,train
FVPWFSKFLWRIL,-1.6438561897747246,test
FVPWFSKFLGRIL,-2.643856189774725,test
IKKILSKIKKLL,-2.453595898411522,train
FFSLIPKLVKGLISAFK,-5.22881869049588,train
FFKLIPKLVKGLISAFK,-3.229587922740652,train
KYHSGPSDKSKVISGKCEWQGGQLNCIAT,-5.001607480408839,train
IATSPYYACNCPNNCKHKKGSGC,-4.345884197270642,train
IAGAHKCKPCYGYKTNSCCNSPN,-4.345884197270642,train
GKCEWQGGQLNCIAT,-5.959638887476373,train
NNCKHKKGSGC,-5.411969170537535,train
CCNKGKNKGSH,-5.411969170537535,train
KYHSGPSDKSKVIS,-6.0287035945554965,train
IATSPYYACNCP,-6.2636808780327,train
IKKILSKIKKLLGYAGFLR,-1.8333339886384374,train
YAGFLRGIKKILSKIKKLL,-0.8333339886384373,train
GHGIKKILSKIKKLL,-1.2191666130541137,train
GHGHGHGIKKILSKIKKLL,-1.918345728577299,train
YAGFLRGIKKILSKIKKLLK,-1.7512347595871813,train
EGLEPGGIKKILSKIKKLLK,-2.8313842936355313,train
EGLEPGGKKVVFWVKFK,-6.004279488179618,train
YAGFLRGKKVVFWVKFK,-3.916683845073607,train
HKKHKKHKKHKK,-2.0,train
HKKHKKHKKHKKHKKHKK,-2.0,train
HKKHKKHKKHKKHKKHKKHKKHKK,-2.0,train
PMPVSQECFETLRGHERILSILRHQNLLKELQDLALQGAKERAHQQ,-8.531381460516313,train
ERILSILRHQNLLKE,-7.022367813028454,train
LQDLALQGAKERAHQQ,-8.569855608330949,train
ALQGAKERAHQQ,-8.076815597050832,train
FFSLIPSLVKKLIKAFK,-3.232660756790275,train
FFKLIPKLVKKLIKAFK,-2.232660756790275,train
KKWRWWLKALAKK,-2.843782550196644,train
KKWRKWLKWLAKK,-1.7972385175535806,train
GIWKKWIKKWLKKLLKKLWKKG,-4.4958067594015425,train
GIWKKWIKKVVNVLKNLF,-3.8541399780009136,train
GVIKAAKKVVKVLKKLF,-4.0981580424987385,train
GIWKKWIKKWLNVLKNLF,-2.7896859531405958,train
GIWKKWIKKWLKVLKNLF,-2.780939927804791,train
GIWKKWIKKWLKKLKNLF,-2.7630543623202835,train
GVIKAAKKVVNVLKNLF,-5.120051191439353,train
GVIKAAKKVVKVLKNLF,-4.109063088323184,train
RFCWKVCYKGICFKKCK,-3.4918530963296748,train
FGIGAGLGGCLGGFCGGIGAGLGF,-3.700439718141092,train
FGLGAGIGVGLGAGIGL,-3.6724253419714956,train
RWCFKVCYKGICYKKCK,-2.472487771462744,train
ATKAVCVLKGDGPVQGIINF,-1.97893253006939,train
