Sequence,label,Largo
GLGSVFGRLARILGRVIPKV,1,20
LPMLAGLAANFLPKIVCKITKKC,1,23
ALWKNMLKGIGKLAGKAALGAVK,1,23
ALWKTMLKKLGTVALHAGKAALGAAADTISQGA,1,33
KRFKKFFRKLKKSVKKRVKKFFKKPRVIGVTIPF,1,34
KRDPQQREYEDCRRRCEQQEPRQQYQCQRRCREQQ,1,35
YPPKPESPGEDASPEEMNKYLTALRHYINLVTRQRY,1,36
EEERDADEEENEVSGYAANVNVKRCGYKHGRANCGRG,1,37
AKCIKNGKGCREDQGPPFCCSGFCYRQVGWARGYCKNR,1,38
SKIKDFAKKAWNSPLANELKSKALNAAKNFVSEKIGATP,1,39
QEETNAEEERRDEEVAKMEEIKRGLLSGPRCGEESTMWT,1,39
QDVTNAEEERRDEEVAKMEEIKRGLLRPPRCGEAYSMWT,1,39
DPQTDCQQCQRRCRQQESGPRQQQYCQRRCKEICEEEEEYN,1,41
RQRDPQQQYEQCQERCQRHETEPRHMQTCQQRCERRYEKEKRKQQ,1,45
QDETNAEEERRDEEVVKMEEIKRGLLSGILGAGKHIVCGLTGCAKA,1,46
RQRDPQQQYEQCQERCQRHETEPRHMQTCQQRCERRYEKEKRKQQKR,1,47
FRFGSFLKKVWKSKLAKKLRSKGKQLLKDYANRVLNGPEEEAAAPAE,1,47
ESEFDRQEYEECKRQCMQLETSGQMRRCVSQCDKRFEEDIDWSKYDNQD,1,49
TYDGKCYKKDNICKYKAQSGKTAICKCYVKVCPRDGAKCEFDSYKGKCY,1,49
QWGYGGPYGGYGGGYGGGPWGYGGGWRRRHWGGYGGGPWGGYGGGPWGGYY,1,51
MKFTGIFFIIMAIIALFIGSNEAAPKVNVNAIKKGGKAIGKGFKVISAASTAHDVYEHIKNRRH,1,64
RQRDPQQQYEQCQERCQRHETEPRHMQTCQQRCERRYEKEKRKQQKRYEEQQREDEEKYEERMKEED,1,67
MFTLKKSLLLLFFLGIISLSLCEQERNADEDEGEDVEEVKRNLWNTIKETGKKFAVGLLDKIKCGITGTCKT,1,72
