Sequence,label
GIWDTIKSMGKVFAGKILQNL,1
DSHAKRHHGYKRKFHEKHHSHRGY,1
GMASKAGAIAGKIAKVALKAL,1
KWLNALLHHGLNCAKGVLA,1
VTCDILSVEAKGVKLNDAACAAHCLFRGRSGGYCNGKRVCVCR,1
ALWKTLLKKVLKAAAKAALKAVLVGANA,1
ALWKTLLKKVLKAAAK,1
ALWKTLLKKVLKA,1
KRIVQRIKDFLRNLVPRTES,1
KRIVQRIKDFLR,1
VRRFPWWWPFLRR,1
RRRFPWVCWPFLRRR,1
RFPWWWPFLR,1
FPWWWPF,1
KWKSFIKKLTSAAKKVVTTAKPLISS,1
KWKLFKKIGIGAVLKVLTTGLPALIS,1
KWKSFIKKLTTAVKKVLTTGLPALIS,1
KKLFKKILKYL,1
KWKLFKKIPKFLHLAKKF,1
RWRW,1
RWRWRW,1
RWRWRWRW,1
RWRWRWRWRW,1
FQWQRNMRKVR,1
RLLRRLLRRLLRRLLRRLLR,1
APKAMRLLRRLLRRLLR,1
RLLRRLLRRLLRLQKKGI,1
APKAMRLLRRLLRLQKKGI,1
PKAMRLLRRLLRLQKKG,1
APKAMHSAKKFGKAFVGEIMLQKKGI,1
GIGKFLHSAKKFGKAFVGEIMNS,1
KWKLFKKIGAVLKVL,1
DCLSGRYKGPCAVWDNETCRRVCKEEGRSSGHCSPSLKCWCEGC,1
KRLFKKLLFSLRKY,1
SSSKEENRIIPGGI,1
ELDRICGYGTARCRKKCRSQEYRIGRCPNTYACCLRK,1
ILPWKWPWWPWRR,1
ILAWKWAWWAWRR,1
RLARIVVIRVAR,1
KRKFHEKHHSHRGY,1
KRLFKELLFSLRKY,1
KRLFKKLKFSLRKY,1
LLLFLLKKRKKRKY,1
GLKDKFKSMGEKLKQYIQTWKAKF,1
KTCENLADTY,1
FLPLIGRVLSGIL,1
RRWWRF,1
RRGWVLALVLRYGRR,1
RRGWVLALYLRYGRR,1
RRGWALRLVLAY,1
WVLVLRLGY,1
SMWSGMWRRKLKKLRNALKKKLKGE,1
GLFGKLIKKFGRKAISYAVKKARGKH,1
SWKSMAKKLKEYMEKLKQRA,1
SWASMAKKLKEYMEKLKQRA,1
AKRHHGYKRKFH,1
KRLFKKLLKFSLRKY,1
SLKDKVKSMGEKLKQYIQTWKAKF,1
DLIWKLLSKAQEKFGKNKSR,1
FKCRRWQWRMKKLG,1
GKPRPYSPRPTSHPRPIRV,1
GFFGKMKEYFKKFGASFKRRFANLKKRL,1
GKPRPYTPRPTSHPRPIRV,1
QAFQTFKPDWNKIRYDAMKMQTSLGQMKKRFNL,1
GETFDKLKEKLKTFYQKLVEKAEDLKGDLKAKLS,1
SWLSKTAKKLENSAKKRISEGIAIAIQGGPR,1
KSCCRNTWARNCYNVCRLPGTISREICAKKCDCKIISGTTCPSDYPK,1
KSCCRNTWARNCYNVCRLPGTISREICAKKCRCKIISGTTCPSDYPK,1
CCRNTWARNCYNVCRLPGTISREICAKKCDCKIISGTTC,1
CCRNTWARNCYNVCRLPGTISREICAKKCRCKIISGTTC,1
TWARNCYNVCRLPGTISREICAKKCD,1
TWARNCYNVCRLPGTISREICAKKCR,1
REISAKKSD,1
REISAKKSR,1
VCRLPGTISREICA,1
TWARNSYNVSRLP,1
ALWMTLLKKVLKAAAKAALNAVLVGANA,1
TLLKKVLKAAAK,1
KVLKAAAKAALNAVLVGANA,1
ALWKTLLKKV,1
DSHAKRHHGYKRKFHEKHHSHRGYRSNYLYDN,1
GRFKRFRKKFKKLFKKLS,1
GGLRSLGRKILRAWKKYG,1
AELRCMCIKTTSGIHPKNIQSLEVIGKGTHCNQVEVIATLKDGRKICLDPDAPRIKKIVQKKLAGDES,1
FCTMIPIPRCY,1
RVCFAIPLPICH,1
RVCYAIPLPICY,1
RVCYAIPLPIC,1
NPVSCVRNKGICVPIRCPGSMKQIGTCVGRAVKCCRKK,1
RGGRLCYCRRRFCVCVGR,1
LCYCRRRFCVCVGR,1
LCYCRRRFCVCV,1
GWASKIGQTLGKIAKVGLKELIQPK,1
RSVCRQIKICRRRGGCYYKCTNRPY,1
KNLRRIIRKIIHIIKKYG,1
GIWKTIKSMGKVFAGKILQNL,1
GIWDTIKSMGKVFAGAILQNL,1
GIWDTIKSMGKVFAGLILQNL,1
GIWDTIKSMGKVFAGKIKQNL,1
GIWKTIKSMGKVFAGKIKQNL,1
GIWKTIKSMGKVFAGAILQNL,1
GIWKTIKSMGKVFAGAIKQNL,1
KWRRWVRWI,1
FPVTWRWWKWWKG,1
HPLKQYWWRPSI,1
KRLFKELKFSLRKY,1
WSPQEEDRIIEGGI,1
DSHAKRHHGYKRKF,1
KRHHGYKRKFHEKHHSHR,1
RKFHEKHHSHRGYR,1
DSHAKRHHGYKR,1
GLPVCGETCVGGTCNTPGCTCSWPVCTRN,1
HHGYKRKFHEKH,1
YKRKFHEKHHSH,1
KFHEKHHSHRGY,1
KRHHGYKRKFH,1
AKRHHGYKRKF,1
AKRHHGYKRK,1
AKRHHGYKR,1
AKRFFGYKRKFF,1
AKRYYGYKRKFY,1
AKRLLGYKRKFL,1
AQRHHGYKRQFH,1
AKQHHGYKQKFH,1
AQQHHGYKQQFH,1
AKRHHKYKRKFH,1
AKRHHGYHRKFH,1
AKRHHKYHRKFH,1
GIPCGESCVWIPCISAALGCSCKNKVCYRN,1
SIPCGESCVFIPCTVTALLGCSCKSKVCYKN,1
GVIPCGESCVFIPCISTLLGCSCKNKVCYRN,1
FFHHIFRGIVHVGKTIHKLVTG,1
ACYCRIPACIAGERRYGTCIYQGRLWAFCC,1
GIGKFLKKAKKFGKAFVKILKK,1
LLGDFFRKSKEKIGKEFKRIVQRIKDFLRNLVPRTES,1
GDFFRKSKEKIGKEFKRIVQRIKDFLRNLVPRTES,1
RKSKEKIGKEFKRIVQRIKDFLRNLVPRTES,1
KLFKRIVKRILKFLRKLV,1
VTCFCRRRGCASRERHIGYCRFGNTIYRLCCRR,1
CFCKRPVCDSGETQIGYCRLGNTFYRLCCRQ,1
VTCFCRRRGCASRERLIGYCRFGNTIYGLCCRR,1
VTCFCKRPVCDSGETQIGYCRLGNTFYRLCCRQ,1
KTCEHLADTYRGVCFTNASCDDHCKNKAHLISGTCHNWKCFCTQNC,1
YPSKPDNPGEDAPAEDLARYYSALRHYINLITRQRY,1
PAEDLARYYSALRHYINLITRQRY,1
KAEDLARYYSALRHYINLITRQRY,1
TAEDLARYYSALRHYINLITRQRY,1
DAEDLARYYSALRHYINLITRQRY,1
NPAEDLARYYSALRHYINLITRQRY,1
KPAEDLARYYSALRHYINLITRQRY,1
TPAEDLARYYSALRHYINLITRQRY,1
DPAEDLARYYSALRHYINLITRQRY,1
EPAEDLARYYSALRHYINLITRQRY,1
RAPAEDLARYYSALRHYINLITRQRY,1
NAPAEDLARYYSALRHYINLITRQRY,1
KAPAEDLARYYSALRHYINLITRQRY,1
EAPAEDLARYYSALRHYINLITRQRY,1
GIGAVLKVLTTGLPALISWIKRKRQQ,1
KTCENLSGTFKGPCIPDGNCNKHCRNNEHLLSGRCRDDFRCWCTNRC,1
YPPKPESPGEDASPEEMNKYLTALRHYINLVTRQRY,1
YPSKPDNPGEDAPAEDMARYYSALRHYINLITRQRY,1
GFCRCLCRRGVCRCICTR,1
GVCRCLCRRGVCRCLCRR,1
GFCRCICTRGFCRCICTR,1
GVLSNVIGYLKKLGTGALNAVLKQ,1
GIGTKILGGVKTALKGALKELASTYAN,1
ILGPVISTIGGVLGGLLKNL,1
GIGTKILGGVKTALKGALKELASTYVN,1
GIGGKILSGLKTALKGAAKELASTYLH,1
ILGPVLSMVGSALGGLIKKI,1
GIGGVLLSAGKAALKGLAKVLAEKYAN,1
ILGPVLGLVGNALGGLIKKI,1
SIGAKILGGVKTFFKGALKELASTYLQ,1
ILGPVISKIGGVLGGLLKNL,1
LLPIVGNLLKSLL,1
HRHQGPIFDTRPSPFNPNQPRPGPIY,1
GSKKPVPIIYCNRRTGKCQRM,1
KPVPIIYCNRRTGKCQRM,1
VPIIYCNRRTGKCQRM,1
IIYCNRRTGKCQRM,1
YCNRRTGKCQRM,1
GSKKPVPIIYCNRRTGKCQR,1
GSKKPVPIIYCNRRTGKCQ,1
GSKKPVPIIYCNRRTGKC,1
ACYCRIGACVSGERLTGACGLNGRIYRLCCR,1
TRSSRAGLQFPVGRVHRLLRK,1
RAGLQFPVGRVHRLLRK,1
AGLQFPVGRVHRLLRK,1
GLQFPVGRVHRLLRK,1
LQFPVGRVHRLLRK,1
QFPVGRVHRLLRK,1
FPVGRVHRLLRK,1
PVGRVHRLLRK,1
TRSSRAGLQFPVGRVHR,1
RAGLQFPVGRVHRLLR,1
RAGLQFPVGRVHRLL,1
RAGLQFPVGRVHRL,1
RAGLQFLVGRVHRLLRK,1
RKGLQKLVGRVHRLLRK,1
RVHRLLRRVHRLLRRVHRLLR,1
RAGLQFPVGRLLRRLLRRLLR,1
RAGLQFPVGGIGKFLHSAKKFGK,1
AKKVFKRLEKLFSKIQNDK,1
AKKVFKRLEKLFSKIQNWK,1
AKKVFKRLEKLFSKIWNDK,1
AKKVFKRLEKLFSKIWNWK,1
AKKVFKRLEKSFSKIQNDK,1
AKKVSKRLEKLFSKIQNDK,1
AKKVFKRLEKLFSKIFNFK,1
AKKVFKRLEKLFSKIYNYK,1
GKKLLKKLKKLLKKG,1
GKKLLKKLKKLLKKW,1
GKKLLKKLKKLWKKW,1
GKKLLKKWKKLWKKW,1
WKLFKKILKVL,1
KKLFKKILKVL,1
WKLFKKILKWL,1
WKLFKKILKFL,1
WKLFKKILKYL,1
LKLFKKILKVL,1
KKLFKKILKFL,1
GILDTLKQFAKGVGKDLVKGAAQGVLSTVSCKLAKTC,1
FLPKTLRKFFCRIRGGRCAVLNCLGKEEQIGRCSNSGRKCCRKKK,1
FLGALFKVASKVLPSVFCAITKKC,1
GIINTLQKYYCRVRGGRCAVLSCLPKEEQIGKCSTRGRKCCRRKK,1
GKVWDWIKSAAKKIWSSEPVSQLKGQVLNAAKNYVAEKIGATPT,1
FWGALAKGALKLIPSLFSSFSKKD,1
FLSLLPSIVSGAVSLAKKL,1
FKLGSFLKKAWKSKLAKKLRAKGKEMLKDYAKGLLEGGSEEVPGQ,1
GKVWDWIKSTAKKLWNSEPVKELKNTALNAAKNLVAEKIGATPS,1
HHQELCTKGDDALVTELECIRLRISPETNAAFDNAVQQLNCLNRACAYRKMCATNNLEQAMSVYFTNEQIKEIHDAATACDPEAHHEHDH,1
KEEQIGKSSTRGRKSSRRKK,1
KSSTRGRKSSRRKK,1
RGRKSSRRKK,1
RGRKSSRRK,1
KYYSRVRGGRSAVLSSLPK,1
GIINTLQKYYSRVRGGR,1
GLVTSLIKGAGKLLGGLFGSVTGGQS,1
FLPIIAGIAAKVFPKIFCAISKKC,1
ALWKTMLKKLGTMALHAGKAALGAAADTISQGTQ,1
GWKSVFRKAKKVGKTVGGLALDHYL,1
GWKKWFNRAKKVGKTVGGLAVDHYL,1
RWGKWFKKATHVGKHVGKAALTAYL,1
AGWGSIFKHIFKAGKFIHGAIQAHND,1
GFWGKLFKLGLHGIGLLHLHL,1
GWKKWFTKGERLSQRHFA,1
FLGLLFHGVHHVGKWIHGLIHGHH,1
GFLGILFHGVHHGRKKALHMNSERRS,1
GWGSFFKKAAHVGKHVGKAALTHYL,1
SMLSVLKNLGKVGLGFVACKINKQC,1
FISAIASMLGKFL,1
SMLSVLKNLGKVGLGLVACKINKQC,1
FLGGLMKAFPALICAVTKKC,1
GLFLDTLKGLAGKLLQGLKCIKAGCKP,1
GIFSKLAGKKIKNLLISGLKG,1
FLPLFASLIGKLL,1
FLPFLATLLSKVL,1
FVQWFSKFLGRIL,1
PFWRIRIRR,1
GIMDTLKNLAKTAGKGALQSLLNKASCKLSGQC,1
RGLRRLGRKIAHGVKKYGPTVLRIIRIAG,1
LRRIIRKIIHIIKK,1
IRRIIRKIIHIIKK,1
FLPLLAGLAANFLPKIFCKITRKC,1
GIFSKLGRKKIKNLLISGLKNVGKEVGMDVVRTGIDIAGCKIKGEC,1
ALWKNMLKGIGKLAGKAALGAVKKLVGAES,1
ATCDLLSGFGVGDSACAAHCIARGNRGGYCNSKKVCVCRN,1
GIGDPVTCLKSGAICHPVFCPRRYKQIGTCGLPGTKCCKKP,1
KK,1
FLPIVGKLLSGLL,1
FLPIIGKLLSGLL,1
WLPLIGRVLSGIL,1
FLPIIASLLGKLL,1
FLPIIASLLSKLL,1
KWKLFKKLPLIGRVL,1
QQCGRQAGNRRCANNLCCSQYGYCGRTNEYCCTSQGCQSQCRRCG,1
VGECVRGRCPSGMCCSQFGYCGKGPKYCGR,1
GLLSVLGSVAKHVLPHVVPVIAEHL,1
IIGLVSKGTCVLVKTVCKKVLKQ,1
FDITKLNIKKLTKATCKVISKGASMCKVLFDKKKQE,1
RLKELITTGGQKIGEKIRRIGQRIKDFFKNLQPREEKS,1
GILDAIKAIAKAAG,1
KKVVFKVKFK,1
KKVVVKVKFK,1
KKVVFKFKFK,1
KKLLFKLKFK,1
KKVLFKLKFK,1
KKVVPKVKFK,1
GLWSKIKEVGKEAAKAAAKAAGKAALGAVSEAV,1
RLRRIVVIRVAR,1
RLARIVKIRVAR,1
RLARIVPIRVAR,1
RLARIVVIRVAG,1
RRWRIVVIRVRR,1
VQETQKLAKTVGANLEETNKKLAPQIKSAYDDFVKQAQEVQKKLHEAASKQ,1
DIQIPGIKKPTHRDIIIPNWNPNVRTQPWQRFGGNKS,1
EIRLPEPFRFPSPTVPKPIDIDPILPHPWSPRQTYPIIARRS,1
LRQSQFVGSR,1
AAGMGFFGAR,1
VDDDDK,1
DDDDDDD,1
ADADDDDDK,1
RQRVEELSKFSKKGAAARRRK,1
DKLIGSCVWGATNYTSDCNAECKRRGYKGGHCGSFWNVNCWCEE,1
EADEPLWLYKGDNIERAPTTADHPILPSIIDDVKLDPNRRYA,1
ETESTPDYLKNIQQQLEEYTKNFNTQVQNAFDSDKIKSEVNNFIESLGKILNTEKKEAPK,1
ENFFKEIERAGQRIRDAIISAAPAVETLAQAQKIIKGGD,1
DTLIGSCVWGATNYTSDCNAECKRRGYKGGHCGSFLNVNCWCE,1
ILGTILGLLKGL,1
KCWNLRGSCREKCIKNEKLYIFCTSGKLCCLKPK,1
GLLDIVKKVVGAFGSL,1
RFRPPIRRPPIRPPFNPPFRPPVRPPFRPPFRPPFRPPIGPFP,1
KKVVFKVKFKK,1
AVDFSSCARMDVPGLSKVAQGLCISSCKFQNCGTGHCEKRGGRPTCVCDRCGRGGGEWPSVPMPKGRSSRG,1
GLFDVIKKVASVIGGL,1
HVDKKVADKVLLLKQLRIMRLLTRL,1
ACNFQSCWATCQAQHSIYFRRAFCDRSQCKCVFVRG,1
PFKISIHL,1
TPFKISIHL,1
TPFKISIH,1
EPFKISIHL,1
IIGPVLGLVGSALGGLLKKI,1
GIFSKLAGKKIKNLLISGLKNVGKEVGMDVVRTGIDIAGCKIKGEC,1
FKCRRWQWRMKKLGAPSITCVRRAF,1
TKCFQWQRNMRKVRGPPVSCIKRDS,1
RRWQWRMKK,1
RRWWCR,1
GIGKFLHAALLFAKAFVAEIMNS,1
TKCFQWQRNMRKVR,1
KCFQWQRNMRKVR,1
CFQWQRNMRKVR,1
AFQWQRNMRKVR,1
CAQWQRNMRKVR,1
CFAWQRNMRKVR,1
CFQAQRNMRKVR,1
CFQWARNMRKVR,1
CFQWQANMRKVR,1
CFQWQRAMRKVR,1
CFQWQRNARKVR,1
CFQWQRNMAKVR,1
CFQWQRNMRAVR,1
CFQWQRNMRKAR,1
CFQWQRNMRKVA,1
CFQWKRNMRKVR,1
CFQWKRAMRKVR,1
CFAWKRNMRKVR,1
CFAWQRAMRKVR,1
CFALKKAMKKVR,1
RSTEDIIKSISGGGFLNAMNA,1
EATKCFQWQRNMRKVRGPPVSCIKR,1
EATKCFAWQRNMRKVRGPPVSCIKR,1
EATKCFQWQRAMRKVRGPPVSCIKR,1
EATKCFQWKRNMRKVRGPPVSCIKR,1
GWRTLLKKAEVKTVGKLALKHYL,1
GKGRWLERIGKAGGIIIGGALDHL,1
GRRKRKWLRRIGKGVKIIGGAALDHL,1
FLGALIKGAIHGGRFIHGMIQNHH,1
KWKSFIKKLTKAAKKVVTTAKKPLIV,1
KWKKFIKSLTKSAAKTVVKTAKKPLIV,1
FALAAKALKKLAKKLKKLAKKAL,1
FAKKLAKKLKKLAKKLAK,1
FALALKALKKLLKKLKKLAKKAL,1
FAKKLAKLAKKLAKLAL,1
GWGSIFKHGRHAAKHIGHAAVNHYL,1
FAKLLAKLAKKLL,1
FAKLLAKALKKLL,1
KYKKALKKLAKLL,1
FALKALKKLKKALKKAL,1
VAKKLAKLAKKLAKLALAL,1
RRWCFRVCYKGFCRYKCR,1
FFRLLFHGVHHGGGYLNAA,1
FFRLLFHGVHHVGKIKPRA,1
KRFGRLAKSFLRMRILLPRRKILLAS,1
KRRHWFPLSFQEFLEQLRRFRDQLPFP,1
KRFHSVGSLIQRHQQMIRDKSEATRHGIRIITRPKLLLAS,1
KRFHSVGSLIQRLQQMIRDLSEATRHGIRKITRPKLLLAS,1
GWKKWLRKGAKHLGQAAIK,1
GWKKWLRKGAKHLGQAAIKGLAS,1
RWKIFKKIERVGQNVRDGIIKAGPAIQVLGTAKALGK,1
GGLRSLGRKILRAWKKYGPQATPATRQ,1
GLLDAIKDTAQNLFANVLDKIKCKFTKC,1
FLPVILPVIGKLLNGIL,1
VIGSILGALASGLPTLISWIKNR,1
FLFSLIPSAISGLISAFK,1
GIFSKLAGKKLKNLLISGLKNVGKEVGMDVVRTGIDIAGCKIKGEC,1
FLSLALAALPKFLCLVFKKC,1
FLSLALAALPKLFCLIFKKC,1
GLFSVVTGVLKAVGKNVAKNVGGSLLEQLKCKISGGC,1
FLIGMTHGLICLISRKC,1
FLIGMTQGLICLITRKC,1
GLFDVVKGVLKGVGKNVAGSLLEQLKCKLSGGC,1
VWPLGLVICKALKIC,1
FLPLLLAGLPLKLCFLFKKC,1
GIINTIQRYFCRVRGGRCAALTCLPRETQIGRCSVKGRKCCRTRK,1
VVKCSYRLGSPDSRCN,1
AALKGCWTKSIPPKPCFGKR,1
GVLGAVKDLLIGAGKSAAQSVLKTLSCKLSNDC,1
RGLRRLGRKIAHGVKKYGPTVLRIIRIA,1
RGLRRLGRKIAHGVKKYG,1
LGRKIAHGVKKYGPTVLRII,1
KIAHGVKKYGPTVLRIIRIAG,1
RGLRALGRKIAHGVKAYG,1
GFLDTFKNLALNAAKSAGVSVLNSLSCKLFKTC,1
GLGGAKKNFIIAANKTAPQSVKKTFSCKLYNG,1
GFMDTAKNAAKNVAVTLLDNLKCKITKAC,1
FMPILSCSRFKRC,1
GIFGKILGVGKKVLCGLSGVC,1
KNIRRIIRKIIHIIKKYG,1
GFFTLIKAANKLINKTVNKEAGKGGLEIMA,1
GLFTLIKCAYQLIAPTVACN,1
NLRRIIRKIIHIIKKY,1
GLFTLIKGAAKLIGKTVPKKQARLGMNLWLVKLPTNVKT,1
VEVQVRDKGKGIYGLSPLRQPAP,1
ATAWDFGPHGLLPIRPIRIRPLCGKDKS,1
DEKGPKWKR,1
AVPLIYNRPGIYVTKRPKGK,1
VIPFVASVAAEMMQHVYCAASKKC,1
GLLSGILGAGKHIVCGLSGPCQSLNRKSSDVEYHLAKC,1
NIRRIIRKIIHIIKKY,1
LRRIIRKIIHIIK,1
RRIIRKIIHIIKK,1
RRIIRKIIHIIK,1
RRIIRKIIHII,1
RIIRKIIHIIK,1
RIIRKIIHII,1
APFCLGYLSPKLKDMEPKPRG,1
GFSPNLPGKGLRIS,1
FLPPSPWKETFRTS,1
TSRCYIGYRRKVVCS,1
GCSRWIIGIHGQICRD,1
GLLSGTSVRGSI,1
GLLSGILGAGKHIVCGLSGLC,1
GLLSGVLGVGKKVLCGLSGLC,1
GLLSGILGAGKHIVCGLSGLR,1
RFRPPIRRPPIRPPFRPPFRPPVR,1
RRIPRPILLPWRPPRPIPRPQPQPIPRWL,1
GLLSGILGAGKHIICGLSGLC,1
GLLSGILGAGKQKVCGLSGLC,1
GLLGKILGVEKKVLCGLSGMC,1
GLWSTIKNVGKEAAIAAGKAVLGSL,1
CLMARPNYRCKIFKQC,1
GLARIVVIRVAR,1
RGARIVVIRVAR,1
RRARIVVIRVAR,1
RLWRIVVIRVAR,1
RLARRVVIRVAR,1
RLARIVVIRWAR,1
RLARIVVIRVRR,1
RLRRIVVIRVRR,1
RWWKIWVIRWWR,1
KIWVIRWR,1
RIWVIRWR,1
RIWVIWRR,1
RRWVIWRR,1
GLHKVMREVLGYERNSYKKFFLR,1
INWKGIAAMKKLL,1
INWKGIAAMAKKLL,1
FLPIIAKLLGGLL,1
FLPIPRPILLGLL,1
FLIIRRPIVLGLL,1
SNDIYFNFQR,1
FLPLAVSLAANFLPKLFCKITKKC,1
FLPIVGKLLSGLSGLL,1
AMRLTYNKPCLYGT,1
ARGLTYNKPCLYGT,1
AMRLTGNKPCLYGT,1
AMRLTYNKPCLGGT,1
AMRLTYNKGCLYGT,1
AMRLTYNKPGLYGT,1
AGRLTGNKGGLGGT,1
SIITMTKEAKLPQLWKQIACRLYNTC,1
SIITGTKEAKLPQLWKQIACRLYNTC,1
SIITMTKEAKLGQLWKQIACRLYNTC,1
SIITMTKEAKLPQLGKQIACRLYNTC,1
SIITMTKEAKLPQLWKQIACRLGNTC,1
SIITGTKEAKLGQLGKQIACRLGNTC,1
IDWKKLLDAAKQIL,1
ILGTILGLLKSL,1
AGETHTVMINHAGRGAPKLVVGGKKLS,1
FLPLLFGAISHLL,1
GFSSLFKAGAKYLLKSVGKAGAQQLACKAANNCA,1
GVITDALKGAAKTVAAELLRKAHCKLTNSC,1
FLGGLLASLLGKI,1
YPELQQDLIARLL,1
FLSGILKLAFKIPSVLCAVLKNC,1
FRSGILKLASKIGSVLCAVLKNC,1
FRSGILKLASKIPSVLCAVLKNC,1
SIWEGIKNAGKGFLVSILDKVRCKVAGGCNP,1
AKAWGIPPHVIPQIVPVRIRPLCGNV,1
AKAGGIPPHVIPQIVPVRIRPLCGNV,1
AKAWGIGGHVIGQIVGVRIRGLCGNV,1
AKAWGIPPHVIPQIVPVRIRPLGGNV,1
AKAGGIGGHVIGQIVGVRIRGLGGNV,1
GFWDSVKEGLKNAAVTILNKIKCKISECPPA,1
GFGDSVKEGLKNAAVTILNKIKCKISECPPA,1
GFWDSVKEGLKNAAVTILNKIKCKISECGGA,1
GFGDSVKEGLKNAAVTILNKIKCKISECGGA,1
FIPGLRRLFATVVPTVVCAINKLPPG,1
FIGGLRRLFATVVGTVVCAINKLGGG,1
FIPGLRRLFATVVPTVVGAINKLPPG,1
FIGGLRRLFATVVGTVVGAINKLGGG,1
DDGDKGMLKWKNDFFQEF,1
DDPDKGMLKWKNDFFQEF,1
DDPDKGGLKWKNDFFQEF,1
DDPDKGMLKGKNDFFQEF,1
DDGDKGGLKGKNDFFQEF,1
GLLDSVKEGLKKVAGQLLDTLKCKISGCTPA,1
GLLDSVKEGLKKVAGQLLDTLKCKISGCTGA,1
GFFDRIKALTKNVTLELLNTITGKLPVTPP,1
GFFDRIKALTKNVTLELLNTITCKLGVTGG,1
GFFDRIKALTKNVTLELLNTITGKLGVTGG,1
GFFDRIKALTKNVTLELLNTITCKLPVTPP,1
SFGAKNAVKNGLQKLRNQCQANNYQGPFCDIFKKNP,1
SFGAKNAVKNGLQKLRNQCQANNGQGPFCDIFKKNP,1
SFGAKNAVKNGLQKLRNQCQANNYQGGFCDIFKKNG,1
SFGAKNAVKNGLQKLRNQCQANNGQGGFCDIFKKNG,1
CVHWMTNTARTACIAP,1
CVHGMTNTARTACIAP,1
CVHWGTNTARTACIAP,1
CVHWMTNTARTACIAG,1
CVHGGTNTARTACIAG,1
VIDDLKKVAKKVRRELLCKKHHKKLN,1
EWEPVQNGGSSYYMVPRIWA,1
SIITMTKEAKLPQSWKQIACRLYNTC,1
GLLRASSVWGRKYYVDLAGCAKA,1
INLKAIAALAKKLL,1
INLKAIAAMAKKLL,1
CIGNGGRCNENVGPPYCCSGFCLRQPNQGYGVCRNR,1
NEYHGFVDKANNENKRKKQQGRDDFVVKPNNFANRRRKDDYNENYYDDVDAADVV,1
VCSCRLVFCRRTELRVGNCLIGGVSFTYCCTRV,1
YQCGQGG,1
KTCENLADDY,1
RFRPPIRRPPIRPPFYPPFRPPIRPPIFPPIRPPFRPPLGPFP,1
FLSLIPHAINAVSAIAKHN,1
DNGEAGRAAR,1
KQTENLADTY,1
ANDPQCLYGNVAAKF,1
CVISAGWNHKIRCKLTGNC,1
FKTWKRPPFQTSCWGIIKE,1
CVHWQTNTARTSCIGP,1
DCTRWIIGINGRICRD,1
SLWETIKNAGKGFIQNILDKIR,1
SLWETIKNAGKGFILNILDKIRCKVAGGCKT,1
FIGPVLKIAAGILPTAICKIFKKC,1
FVGPVLKIAAGILPTAICKIYKKC,1
FLGPIIKIATGILPTAICKFLKKC,1
SIRDKIKTIAIDLAKSAGTGVLKTLICKLDKSC,1
SIRDKIKTIAIDLAKSAGMGILKTLICKLDKSC,1
SIRDKIKTIAIDLAKSAGTGVLKTLICKLNKSC,1
FLPLVLGALSGILPKIL,1
FFPLLFGALSSHLPKLF,1
DDFLCAGGCL,1
ILGPILGLVSNALGGLL,1
IIGPVLGLVGKPLESLLE,1
DKLIGSCVWGAVNYTSDCNGECKRRGYKGGHCGSFANVNCWCET,1
ATCYCRTGRCATRESLSGVCEISGRLYRLCCR,1
HSSGYTRPLRKPSRPIFIRPIGCDVCYGIPSSTARLCCFRYGDCCHL,1
HSSGYTRPLRKPSRPIFIRPI,1
KGRGKQGGKVRAKAKTRSS,1
GSSFCDSKCKLRCSKAGLADRCLKYCGICCEECKCVPSGTYGNKHECPCYRDKKNSKGKSKCP,1
YSYKKIDCGGACAARCRLSSRPRLCNRACGTCCARCNCVPPGTSGNTETCPCYASLTTHGNKRKCP,1
RAVAVIIRLRRV,1
RRAAVVLIVIRR,1
ILRRVRVRAVAI,1
VIRRRRILAAVV,1
VRLRIRVAVIRA,1
VRFRIRVAVIRA,1
VRWRIRVAVIRA,1
VRLWIRVAVIRA,1
VRLRIRVAVRRA,1
VRLRIRVAVIRK,1
VQLRIRVRVIRK,1
VRLRIRVRVIRK,1
KQFRIRVRVIRK,1
KRFRIRVRVIRK,1
KRWRIRVRVIRK,1
KFFRKLKKSVKKRAKEFFKKPRVIGVSIPF,1
VKRFKKFFRKLKKSV,1
GIPCGESCVWIPCISSAIGCSCKSKVCYRN,1
KRWWKWWRR,1
KRWWKWIRW,1
GLPVCGETCVGGTCNTPGCSCSWPVCTRN,1
AFTCHCRRSCYSTEYSYGTCTVMGINHRFCCL,1
RLGNFFRKAKKKIGRGLKKIGQKIKDFLGNLVPRTES,1
RLGDILQKAREKIEGGLKKLVQKIKDFFGKFAPRTES,1
LLGDFFRKAREKIGEEFKRIVQRIKDFLRNLVPRTES,1
RLGNFFRKVKEKIGGGLKKVGQKIKDFLGNLVPRTAS,1
GIGKFLHSAGKFGKAFVGEIMKS,1
GIGKFLHAAKKFAKAFVAEIMNS,1
GIGAVLIVLTTGLPALISWIKRKRQQ,1
ATCDLLSAFGVGHAACAAHCIGHGYRGGYCNSKAVCTCRR,1
HSHACTSYWCGKFCGTASCTHYLCRVLHPGKMCACVHCSR,1
HPHVCTSYYCSKFCGTAGCTRYGCRNLHRGKLCFCLHCSR,1
GILSLFTGGIKALGKTLFKMAGKAGAEHLACKATNQC,1
GILDSFKGVAKGVAKDLAGKLLDKLKCKITGC,1
GILSSIKGVAKGVAKNVAAQLLDTLKCKITGC,1
NFLGTLINLAKKIM,1
FLPILINLIHKGLL,1
FLPAIAGMAAKFLPKIFCAISKKC,1
FLPAIAGVAAKFLPKIFCAISKKC,1
GLFSILRGAAKFASKGLGKDLTKLGVDLVACKISKQC,1
GLLDTIKGVAKTVAASMLDKLKCKISGC,1
FLPIIAGVAAKVFPKIFCAISKKC,1
FLPIIASVAAKVFSKIFCAISKKC,1
FLPIIASVAANVFSKIFCAISKKC,1
GFSSIFRGVAKFASKGLGKDLARLGVNLVACKISKQC,1
RGGRLCYCRRRFCICV,1
GLFGVLAKVAAHVVPAIAEHF,1
GVIDAAKKVVNVLKNLF,1
GLFAVIKKVAAVIKKL,1
LGGIVSAVKKIVDFLG,1
YSRCQLQGFNCVVRSYGLPTIPCCRGLTCRSYFPGSTYGRCQRY,1
YVSCLFRGARCRVYSGRSCCFGYYCRRDFPGSIFGTCSRRNF,1
DYDWSLRGPPKCATYGQKCRTWSPPNCCWNLRCKAFRCRPR,1
DIDFSTCARMDVPILKKAAQGLCITSCSMQNCGTGSCKKRSGRPTCVCYRCANGGGDIPLGALIKRG,1
SFGLCRLRRGFCARGRCRFPSIPIGRCSRFVQCCRRVW,1
GIFALIKTAAKFVGKNLLKQAGKAGLEHLACKANNQC,1
GIFSLIKTAAKFVGKNLLKQAGKAGVEHLACKANNQC,1
FLPIAGKLLSGLSGLL,1
FFPIVGKLLFGLSGLL,1
FFPIVGKLLSGLSGLL,1
FFPIVGKLLFGLFGLL,1
FLPIVGKLLSGLSGLS,1
FFPIVGKLLSGLL,1
FFPIVGKLLFGLL,1
FFPIVGKLLS,1
GIFSKFAGKGIKNLLVKGVKNIGKEVGMDVIRTGIDIAGCKIKGEC,1
RIFSKIGGKAIKNLILKGIKNIGKEVGMDVIRTGIDVAGCKIKGEC,1
GIFSLIKGAAKLITKTVAKEAGKTGLELMACKVTNQC,1
GFMDTAKNVAKNVAVTLLDKLKCKITGGC,1
SLLDTFKNLAVNAAKSAGVSVLNALSCKISRTC,1
SFLTTFKDLAIKAAKSAGQSVLSTLSCKLSNTC,1
SVLGTVKDLLIGAGKSAAQSVLTTLSCKLSNSC,1
GIFSTVFKAGKGIVCGLTGLC,1
GILGTVFKAGKGIVCGLTGLC,1
FLPFVGNLLKGLL,1
FFPIVGKLLSGLF,1
FLPIVGKLLSGLF,1
FLPILGNLLNGLL,1
FLPFVGNLLNGLL,1
SLFSIFKTAAKFVGKNLLKQAGKAGLETLACKAKNEC,1
GLWNTIKEAGKKFAINVLDKIRCGIAGGCKT,1
FLSTALKVAANVVPTLFCKITKKC,1
FLPIVAGLAANFLPKIVCKITKKC,1
FLSTLLNVASNVVPTLICKITKKC,1
FLSTLLNVASKVVPTLFCKITKKC,1
FLPMLAGLAANFLPKIVCKITKKC,1
GILDKLKEFGISAARGVAQSLLNTASCKLAKTC,1
GYFCESCRKIIQKLEDMVGPQPNEDTVTQAASQVCDKLKILRGLCKKIMRSFLRRISWDILTGKKPQAICVDIKICKE,1
GFMDTAKNVAKNVAATLLDKLKCKITGGC,1
GFMSTASNVLTNVAGTVMDKLKCKFTGAC,1
GILSTVFKAGKGIVCGLSGLC,1
FLPGVLRLVTKVGPAVVCAITRNC,1
ATAWNLGPHGLRPIRPIRIRPLCGKDKS,1
AAGYPFGIKV,1
AAIYPFGIKIRCKAAFC,1
NFYEIFRNRNRGGLIKDAATPWLPCEILRPC,1
NIFEIFRNRNRGGLIKDAATPWLPCEILRPC,1
SPYRCGSPDSRGSENTRCLIKK,1
RLMKCYKPNSRGFQLCE,1
CGYRHGRLNCGRG,1
GIFSVLNEVCKKNDYKPEICAHFSQNKP,1
GIFSSRKCKTPSKTFKGYCTRDSNCDTSCRYEGYPAGD,1
GIFSSRKCKTPSKTFKGICTRDSNCDTSCRYEGYPAGDCKGIRRRCMCSKPC,1
RGFRKHFNKLVKKVKHTISETAHVAKDTAVIAGSGAAVVAAT,1
LCNERPSQTWSGNCGNTAHCDKQCQDWEKASHGACHKRENHWKCFCYFNC,1
NLCERASLTWTGNCGNTGHCDTQCRNWESAKHGACHKRGNWKCFCYFNC,1
ELCEKASKTWSGNCGNTGHCDNQCKSWEGAAHGACHVRNGKHMCFCYFNC,1
FAKLLALALKKAL,1
DGVKLCDVPSGTWSGHCGSSSKCSQQCKDREHFAYGGACHYQFPSVKCFCKRQC,1
RVCMGKSQHHSFPCISDRLCSNECVKEEGGWTAGYCHLRYCRCQKAC,1
ATYNGKCYKKDNICKYKAQSGKTAICKCYVKKCPRDGAKCEFDSYKGKCYC,1
FMPIIGRLMSGSL,1
INMKASAAVAKKLL,1
GTCKAECPTWEGICINKAPCVKCCKAQPEKFTDGHCSKILRRCLCTKPC,1
ATCKAECPTWDSVCINKKPCVACCKKAKFSDGHCSKILRRCLCTKEC,1
RECKTESNTFPGICITKPPCRKACISEKFTDGHCSKILRRCLCTKPC,1
YSRCQLQGFNCVVRSYGLPTIPCCRGLTCRSYFPGSTYGRCQRF,1
KLCERSSGTWSGVCGNNNACKNQCIRLEGAQHGSCNYVFPAHKCICYFPC,1
QNICPRVNRIVTPCVAYGLGRAPIAPCCRALNDLRFVNTRNLRRAACRCLVGVVNRNPGLRRNPRFQNIPRDCRNTFVRPFWWRPRIQCGRIN,1
GAFGDLLKGVAKEAGMKLLNMAQCKLSGKC,1
SILDKIKNVALGVARGAGTGILKALLCKLDKSC,1
GVLDTFKDVAIGVAKGAGTGVLKALLCKLDKSC,1
RISFKKGKGSWIKNGLIKGIKGLGKEISLDVIRTGIDIAGCKIKGEC,1
GIFSLFKAGAKFFGKHLLKQAGKAGAEHLACKATNQC,1
SLWENFKNAGKQFILNILDKIRCRVAGGCRT,1
FLAGLIGGLAKML,1
FLPLLAGVVANFLPQIICKIARKC,1
FLGSLLGLVGKVVPTLFCKISKKC,1
GLMSTLKDFGKTAAKEIAQSLLSTASCKLAKTC,1
GILDTLKEFGKTAAKGIAQSLLSTASCKLAKTC,1
VFQFLGKIIHHVGNFVHGFSHVF,1
AITCGQVSSALGPCAAYAKGSGTSPSAGCCSGVKRLAGLARSTADKQATCRCLKSVAGAYNAGRAAGIPSRCGVSVPYTISASVDCSKIH,1
AISCGQVSSALSPCISYARGNGAKPPAACCSGVKRLAGAAQSTADKQAACKCIKSAAGGLNAGKAAGIPSMCGVSVPYAISASVDCSKIR,1
GYGGHGGHGGHGGHGGHGGHGHGGGGHG,1
GYHGGHGGHGGGYNGGGGHGGHGGGYNGGGHHGGGGHG,1
GGHGGHGGHGGHGGHGGH,1
RRWCFRVCYRGFCYRKCR,1
SAFTVWSGPGCNNRAERYSKCGCSAIHQKGGYDFSYTGQTAALYNQAGCSGVAHTRFGSSARACNPFGWKSIFIQC,1
GFGCPGNQLKCNNHCKSISCRAGYCDAATLWLRCTCTDCNGKK,1
RWCVYAYVRVRGVLVRYRRCW,1
ISRLAGLLRKGGEKIGEKLKKIGQKIKNFFQKLVPQPE,1
DTHFPICIFCCGCCHRSKCGMCCKT,1
ICIFCCGCCHRSKCGMCCKT,1
GLWSTIKQKGKEAAIAAAKAAGQAALGAL,1
APGNKAECEREKGYCGFLKCSFPFVVSGKCSRFFFCCKNIW,1
LFCRKGTCHFGGCPAHLVKVGSCFGFRACCKWPWDV,1
IPRPLDPCIAQNGRCFTGICRYPYFWIGTCRNGKSCCRRR,1
LPVNEAQCRQVGGYCGLRICNFPSRFLGLCTRNHPCCSRVWV,1
YFCESCRKIIQKLEDMVGPQPNEDTVTQAASQVCDKLKILRGLCKKIMRSFLRRISWDILTGKKPQAICVDIKICKE,1
DKLIGSCVWGAVNYTSNCRAECKRRGYKGGHCGSFANVNCWCET,1
DKLIGSCVWGAVNYTSNCNAECKRRGYKGGHCGSFANVNCWCQT,1
DKLIGSCVWGAVNYTSNCNAECKRRGYKGGHCGSFANVNCWCER,1
NKLIGSCVWGAVNYTSNCNAECKRRGYKGGHCGSFANVNCWCET,1
DKLIGSCVWGAVNYTRNCNAECKRRGYKGGHCGSFANVNCWCET,1
DKLIGSCVWGAVNYTSRCNAECKRRGYKGGHCGSFANVNCWCET,1
DKLIGSCVWGAVNYTSNCNAECKRRGYKGGHCGSFLNVNCWCET,1
DKLIGSCVWGAVNYTSNCNAECKRRGYKGGHCGSFINVNCWCET,1
DKLIGSCVWGAVNYTSNCNAECKRRGYKGGHCGSFANINCWCET,1
DKLIGSCVWGAVNYTSNCNAECKRRGYKGGHCGSFLNINCWCET,1
DKLIGSCVWLAVNYTSNCNAECKRRGYKGGHCGSFLNVNCWCET,1
DKLIGSCVWLAVNYTSNCNAECKRRGYKGGHCGSFANVNCWCET,1
DKLIGSCVWGAVNYTSNCRAECKRRGYKGGHCGSFLNVNCWCET,1
DKLIGSCVWGAVNYTSNCNAECKRRGYKGGHCGSFANVNCWCET,1
LPVNSPMNKGDTEVMKCIVEVISDTLSKPSPMPVSKECFETLRGDERILSILRHQNLLKELQDLALQGAKERTHQQ,1
RILSILRHQNLLKE,1
TLRGDERILSILRHQNLLKE,1
TLRGDERILSILRHQNLLKELQDLALQGAK,1
RILSILRHQNLLKELQDLALQGAK,1
GGAGHVPEYFVGIGTPISFYG,1
INLLKIAKGIIKSL,1
LKIAKGIIKSL,1
LNLKGLIKKVASLLN,1
LNLKGLFKKVASLLT,1
FDIMGLIKKVAGAL,1
FDVMGIIKKIASAL,1
GGLKKLGKKLEGAGKRVFNAAEKALPVVAGAKAL,1
IFGAIAGLLKNIF,1
FFGHLFKLATKIIPSLFQ,1
KVNVNAIKKGGKAIGKGFKVISAASTAHDVYEHIKNRRH,1
GKIPVKAIKKGGQIIGKALRGINIASTAHDIISQFKPKKKKNH,1
KVPIGAIKKGGKIIKKGLGVIGAAGTAHEVYSHVKNRH,1
KVPIGAIKKGGKIIKKGLGVLGAAGTAHEVYNHVRNRQ,1
KVPIGAIKKGGKIIKKGLGVIGAAGTAHEVYSHVKNRQ,1
KVPVGAIKKGGKAIKTGLGVVGAAGTAHEVYSHIRNRH,1
KGIGSALKKGGKIIKGGLGALGAIGTGQQVYEHVQNRQ,1
KVNVNAIKKGGKAIGKGFKVISAASTAH,1
AIGSILGALAKGLPTLISWIKNR,1
ALRSAVRTVARVGRAVLPHVAI,1
AGRGKQGGKVRAKAKTRSSRAGLQFPVGRVHRLLRKGNY,1
ILGKIWEGIKSLF,1
LVRGCWTKSYPPKPCFVR,1
SAPRGCWTKSYPPKPCK,1
GALRGCWTKSYPPKPCK,1
FLPLIAGLAANFLPKIFCAITKKC,1
FLPVIAGVAAKFLPKIFCAITKKC,1
GLFSILKGVGKIALKGLAKNMGKMGLDLVSCKISKEC,1
GIMDTVKNAAKDLAGQLLDKLKCRITGC,1
GLLDTIKNTAKNLAVGLLDKIKCKMTGC,1
GIMDSVKNVAKNIAGQLLDKLKCKITGC,1
GIMDTVKNAAKDLAGQLDKLKCRITGC,1
GLFPKINKKKAKTGVFNIIKTVGKEAGMDLIRTGIDTIGCKIKGEC,1
GIFTKINKKKAKTGVFNIIKTIGKEAGMDVIRAGIDTISCKIKGEC,1
FLPLVGKILSGLI,1
ALFSILRGLKKLGNMGQAFVNCKIYKKC,1
ALSILKGLEKLAKMGIALTNCKATKKC,1
GFFSTVKNLATNVAGTVIDTLKCKVTGGCRS,1
GFLSTVKNLATNVAGTVIDTLKCKVTGGCRS,1
GIFPKIIGKGIKTGIVNGIKSLVKGVGMKVFKAGLNNIGNTGCNEDEC,1
GIFPKIIGKGIKTGIVNGIKSLVKGVGMKVFKAGLSNIGNTGCNEDEC,1
ALSILRGLEKLAKMGIALTNCKATKKC,1
RSNKGFNFMVDMIQALSK,1
GSNTGFNFKTLDKE,1
GLGSVFGRLARILGRVIPKV,1
GLLSKFGRLARKLARVIPKV,1
QGYKSGHTGPYPRPLYGSRPIGLRPITRPDPSCAGCRILTLDDAIACCRRLGRCCSALKG,1
SRWPSPGRPRPFPGRPKPIFRPRPCNCYAPPCPCDRW,1
GLFSKFAGKGIKNLIFKGVKHIGKEVGMDVIRTGIDVAGCKIKGEC,1
GLLDTFKNLALNAAKSAGVSVLNSLSCKLSKTC,1
GLFTLIKGAAKLIGKTVAKEAGKTGLELMACKITNQC,1
GLLSGILGAGKNIVCGLSGLC,1
GLFGKILGVGKKVLCGLSGMC,1
GVLGTVKNLLIGAGKSAAQSVLKTLSCKLSNDC,1
FLSGIVGMLGKLF,1
FLPIVTNLLSGLL,1
FLSHIAGFLSNLF,1
FLGSIVGALASALPSLISKIRN,1
GIMSLFKGVLKTAGKHVAGSLVDQLKCKITGGC,1
FLPAVLRVAAQVVPTVFCAISKKC,1
GFKEVLKADLGSLVKGIAAHVAN,1
ILGAIIPLVSGLLSHL,1
GFKEVLKAGLGSLVKGIPAHVAN,1
FIGKLISAASGLLSHL,1
KWCFRVCYRGICYRRCR,1
KVVFKVKFK,1
KVVFKVKFKKK,1
YLAFRCGRYSPCLDDGPNVNLYSCCSFYNCHKCLARLENCPKGLHYNAYLKVCDWPSKAGCTSVNKECHLWKT,1
KKKVVFKVKFK,1
KKKVVFKVKFKK,1
KKVVFKVKFKKK,1
KKKVVFKVKFKKK,1
NPLIPAIYIGATVGPSVWAYLVALVGAAAVTAANIRRASSDNHSCAGNRGWCRSKCFRHEYVDTYYSAVCGRYFCCRSR,1
FLPKMSTKLRVPYRRGTKDYH,1
GILKKFMLHRGTKVYKMRTLSKRSH,1
VSRRRRRRGGRRRR,1
GRFKRFRKKFKKLFKKLSPVIPLLHLG,1
GLLKPLLKIAAKVGSNLL,1
GVIIDTLKGAAKTVAAELLRKAHCKLTNSC,1
GVIKSVLKGVAKTVALGML,1
LLKELWTKIKGAGKAVLGKIKGLL,1
GMATKAGTALGKVAKAVIGAAL,1
GLASTIGSLLGKFAKGGAQAFLQPK,1
GFLGPLLKLGLKGAAKLLPQLLPSRQQ,1
GFLGSLLKTGLKVGSNLL,1
IWLTALKFLGKHAAKHLAKQQLSKL,1
KIKWFKTMKSIAKFIAKEQMKKHLGGE,1
GFKDLLKGAAKALVKTVLF,1
GFRDVLKGAAKAFVKTVAGHIAN,1
GIKDWIKGAAKKLIKTVASHIANQ,1
GILSTIKDFAIKAGKGAAKGLLEMASCKLSGQC,1
GIFLDKLKNFAKGVAQSLLNKASCKLSGQC,1
FLPVIAGLLSKLF,1
GLGSILGKILNVAGKVGKTIGKVADAVGNKE,1
GLGSFLKNAIKIAGKVGSTIGKVADAIGNKE,1
GLGSFFKNAIKIAGKVGSTIGKVADAIGNKE,1
GWKDWAKKAGGWLKKKGPGMAKAALKAAMQ,1
FLPLLAGLAANFLPTIICKISYKC,1
GLVDVLGKVGGLIKKLLP,1
WLGSALKIGAKLLPSVVGLFKKKKQ,1
HFLGTLVNLAKKIL,1
GIWGTLAKIGIKAVPRVISMLKKKQ,1
GFLSILKKVLPKVMAHMK,1
FFHHIFRGIVHVGKTIHRLVTG,1
KVAKQEKKKKKTGRAKRR,1
TGRAKRRMQYNRR,1
GGLRSLGRKILRAWKKYGPIIVPIIRIG,1
SMLSVLKNLGKVGLGFVASKINKQS,1
CKINKQC,1
SMLAVLKNLGKVGLGFVACKINKQC,1
SMLGVLKNLGKVGLGFVACKINKQC,1
SMLSVLRNLGKVGLGFVACKINKQC,1
SMLSVLKNLGRVGLGFVACKINKQC,1
SMLSVLKNLKKVGLGFVACKINKQC,1
SMLSVLKNLKKVKLKFVACKINKQC,1
SMLSVLKNLEKVELEFVACKINKQC,1
SMLKVLKNLGKVGLGFVACKINKQC,1
SMLSVLKNLGKVGLGFVAAKIAKQA,1
SMLSVLKNLGKVGLGFVA,1
SMLSVLKKLGKVGLGFVACKINKQC,1
SMLSVLKNLGKVGLGFVKCKINKQC,1
SMLSVLKNLGKVGLGFVACKIKKQC,1
SMLSVLKNLGKVGLGFVACKINKKC,1
GLKEIFKAGLGSLVKGIAAHVAS,1
ILGKLLSTAAGLLSNL,1
GIFNVFKGALKTAGKHVAGSLLNQLKCKVSGEC,1
FLPLIGKILGTIL,1
FLPVIAGIAANVLPKLFCKLTKRC,1
GIMDSIKGAAKEIAGHLLDNLKCKITGC,1
TTLTLHNLCPYPVWWLVTPNNGGFPIIDNTPVVLG,1
WALAL,1
RESPSSRMECYEQAERYGYGGYGGGRYGGGYGSGRGQPVGQGVERSHDDNRNQPR,1
DAACAAHCLWR,1
DAACAAKCLWR,1
KAACAAHCLWR,1
KAACAAKCLWR,1
GFMKYIGPLIPHAVKAISDLI,1
IPHAVKAISDLI,1
GFMKYIGPLIPHKVKAISDLI,1
GFMKYIGPLIPHAVKAISKLI,1
GFMKYIGPLIPHAVKAIKKLI,1
GFMKYIKPLIPHAVKAISKLI,1
GFMKYIKPLIPHAVKAIKKLI,1
SISCGESCAMISFCFTEVIGCSCKNKVCYLN,1
GFGCPNNYQCHRHCKSIPGRCGGYCGGWHRLRCTCYRC,1
CGGWHRLRC,1
CGGYSGGWHRLRSTSYRCG,1
SGGYCGGWHRLRCTSYRSG,1
CGGYCGGWHRLRCTSYRCG,1
KTCENLADTFRGPCFATSNCDDHCKNKEHLLSGRCRDDFRCWCTRNC,1
ATCENLANTYRGPCFGGCDFHCKTKEHLLSGRCRDDFRCWCTRNC,1
GLFGVLGSIAKHVLPHVVPVIAEKL,1
FIHHIFRGIVHAGRSIGRFLTG,1
KWKLFKKIEKVGQGIGAVLKVLTTGL,1
KLKLLLLLKLK,1
RLYLRIGRR,1
RLRLRIGRR,1
ALYLAIRRR,1
RLLLRIGRR,1
QDDESDVPHVRVRRGFGCPLNQGACHNHCRSIGRRGGYCAGIIKQTCTCYRK,1
SIGRRGGYCAGIIKQTCTCYR,1
ATCDLLSGTGINHSACAAHCLLRGNRGGYCNGKGVCVCRN,1
ATCDLASGFGVGSSLCAAHCIARRYRGGYCNSKAVCVCRN,1
FTCDVLSVEAKGVKLNHAACGIHCLFRRRTGGYCNKKRVCICR,1
VTCDILSVEAKGVKL,1
DAACAAHCLFR,1
NDAACAAHCLFRGRSGG,1
RSGGYCNGKRVCVCR,1
YCNGKRVCVCR,1
CNGKRVCVCR,1
NGKRVCVCR,1
CNGKRVCVC,1
YCNGKRVCVC,1
DFGCGQGMIFMCQRRCMRLYPGSTGFCRGFRCMCDTHIPLRPPFMVG,1
RRWWCA,1
RRWWCC,1
RRWWCD,1
RRWWCE,1
RRWWCF,1
RRWWCG,1
RRWWCH,1
RRWWCI,1
RRWWCK,1
RRWWCL,1
RRWWCM,1
RRWWCN,1
RRWWCP,1
RRWWCQ,1
RRWWCS,1
RRWWCT,1
RRWWCV,1
RRWWCW,1
RRWWCY,1
YKLLKLLLPKLKGLLFKL,1
YKLLKLLLPKLKPLLFKL,1
YKLLKLLLPKLKGLLIKL,1
YKLLKLLLPKLKPLLIKL,1
YKLLKLLLPKLKGLLPKL,1
YKLLKLLLPKLKPLLPKL,1
YKLLKKLLKKLKKLLKKL,1
YKLLKWLLLKLKALLEKL,1
KGRGKQGGKVRAKAKTR,1
KGRGKQGGKVRAKAK,1
KGRGKQGGKVRAKA,1
GRGKQGGKVRAKAKTRSS,1
AGRGKQGGKVRAKAKTRSS,1
SGRGKQGGKVRAKAKTRSS,1
RGRGKQGGKVRAKAKTRSS,1
DGRGKQGGKVRAKAKTRSS,1
KRGKQGGKVRAKAKTRSS,1
FFPLVLGALGSILPKIF,1
FIITGLVRGLTKLF,1
SLSRFLSFLKIVYPPAF,1
FFGTALKIAANVLPTAICKILKKC,1
KSCCRSTQARNIYNAPRFAGGSRPLCALGSGCKIVDDKKTPPND,1
KSCCRSTTARTARVPCAKKSNIYNGCRVPGGCKIQEAKKCEPPYD,1
KSCCRNTVARNCYNVCRIPGTPRPVCAATCDCKLITGTKCPPGYEK,1
AQCGAQGGGATCPGGLCCSQWGWCGSTPKYCGAGCQSNCK,1
AQCGAQGGGATCPGGLCCSQWGWCGSTPKYCGAGCQSNCR,1
FEDLPNFGHIQVKVFNHGEHIHH,1
DPQTDCQQCQRRCRQQESGPRQQQYCQRRCKEICEEEEEYN,1
KRDPQQREYEDCRRRCEQQEPRQQYQCQRRCREQQ,1
RQRDPQQQYEQCQERCQRHETEPRHMQTCQQRCERRYEKEKRKQQ,1
RQRDPQQQYEQCQERCQRHETEPRHMQTCQQRCERRYEKEKRKQQKR,1
RQRDPQQQYEQCQERCQRHETEPRHMQTCQQRCERRYEKEKRKQQKRYEEQQREDEEKYEERMKEED,1
KLWKKWKKWLK,1
RLWRRWRRWLR,1
CKAAFC,1
ILRWPWWPWRRK,1
LLKWLLKWLKK,1
KLWKLWKKWLK,1
GLLNGLALRLGKRALKKIIKRLCR,1
FIFHIIKGLFHAGKMIHGLVTRRRH,1
FLPAIVGAAGQFLPKIFCAISKKC,1
GRLQAFLAKMKEIAAQTL,1
FLPVLAGIAAKVVPALFCKITKKC,1
GLLDSLKGFAATAGKGVLQSLLSTASCKLAKTC,1
RIIDLLWRVRRPQKPKFVTVWVR,1
RIIDLLWRVWRPQKPKFVTVWVR,1
RIIDLLWRVRRPWKPKFVTVWVR,1
RIIDLLWRVRRPQWPKFVTVWVR,1
RIIDLLWRVRRPWWPKFVTVWVR,1
RIIDLLWRVWRPWKPKFVTVWVR,1
RIIDLLWRVWRPWWPKFVTVWVR,1
KKLKKFKKLQ,1
GEKLKKIGQKIKNFFQKL,1
GKKLKKIGQKIKNFFQKL,1
GEKLKKIGKKIKNFFQKL,1
GEKLKKIGQKIKKFFQKL,1
GEKLKKIGQKIKNFFKKL,1
VRRFGWWWGFLRR,1
VRRFAWWWAFLRR,1
VRRFPFFFPFLRR,1
VRRFPAAAPFLRR,1
GILDTLKQFAKGVGKDLVKGAAQGVLSTVS,1
GILDTLKQFAKGVGKDLVKGAAQGVLSTV,1
GILDTLKQFAKGVGKDLVKGAAQGVLST,1
GILDTLKQFAKGVGKDLVKGAAQGVLS,1
GILDTLKQFAKGVGKDLVKGAAQGVL,1
GILDTLKQFAKGVGKDLVKGAAQGV,1
GILDTLKQFAKGVGKDLVKGAAQG,1
YGRKKRRQRRRD,1
FFRRFFRR,1
LLRRLLRR,1
LLKKLLKK,1
FFRRFFRRFFRR,1
AARRAARRAARR,1
LLRRLLRRLLRR,1
LLKKLLKKLLKK,1
FFRRFFRRFFRRFFRR,1
LLRRLLRRLLRRLLRR,1
LLKKLLKKLLKKLLKK,1
FLSSIGKILGNLL,1
FLSIIAKVLGSLF,1
FLPLVTMLLGKLF,1
WKLLSKAQEKFGKNKSR,1
SVDGKEDLIWKLLSKAQEKFGKNKSR,1
DLIWKLLSKAQEKFGKNKSRSFQLFGSPPGQR,1
DVYKGGGGGRYGGGRYGGGGGYGGGLGGGGLGGGGLGGGKGLGGGGLGGGGLGGGGLGGGGLGGGKGLGGGGLGGGGLGGGGLGGGGLGGGKGLGGGGLGGGGLGGGRGGGYGGGGGYGGGYGGGYGGGKYK,1
DVYKGGGGGRYGGGRYGGGGGYGGGLGGGGLGGGGLGGGKGLGGGGLGGGGLGGGGLGGGGLGGGKGLGGGGLGGGGLGGGGLGGGGLGGGKGLGGGGLGGGGLGGGRGGYGGGGYGGGYGGGYGGGKYK,1
GFGCNGPWDEDDMQCHNHCKSIKGYKGGYCAKGGFVCKCY,1
GLLKRIKTLL,1
GLLKWIKTLL,1
GLLKKIKTLL,1
GLLKRIKKLL,1
GFLGPLLKLAAKGVAKVIPHLIPSRQQ,1
GVWSTVLGGLKKFAKGGLEAIVNPK,1
GVFLDALKKFAKGGMNAVLNPK,1
GLLGPLLKIAAKVGSNLL,1
CIKNGNGCQPDGSQGNCCSRYCHKEPGWVAGYCR,1
CIANRNGCQPDGSQGNCCSGYCHKEPGWVAGYCR,1
CIKNGNGCQPNGSQGNCCSGYCHKQPGWVAGYCRRK,1
AGECVQGRCPSGMCCSQFGYCGRGPKYCGR,1
FSKYERQKDKRPYSERKNQYTGPQFLYPPERIPPQKVIKWNEEGLPIYEIPGEGGHAEPAAA,1
RQKDKRPYSERKNQYTGPQFLYPPERIPP,1
SLLSLIRKLIT,1
RRICRCRIGRCLGLEVYFGVCFLHGRLARRCCR,1
RICRCRIGRCLGLEVYFGVCFLHGRLARRCCR,1
RTCRCRLGRCSRRESYSGSCNINGRIYSLCCR,1
RTCQSQSHKFKGACFSDTNCDSVCRTENFPRGQCNQHHVERKCYCERDC,1
RECQSQSHRYKGACVHDTNCASVCQTEGFSGGKCVGFRGRCFCTKHC,1
RECQSQSHRYKGACVHDTNCASVCQTEGFSGGKCVGFRGRCFCTKAC,1
GLWSKIKAAGKEAAKAAAKAAGKAALNAVSEAV,1
ALWKTLLKNVGKAAGKAALNAVTDMVNQ,1
YDPEAASAPGSGNPCHEASAAQKENAGEDP,1
KIWWWWRKR,1
SHQDCYEALHKCMASHSKPFSCSMKFHMCLQQQ,1
KVFLGLK,1
FFFLSRIF,1
RCVCTRGFCRCVCRRGVC,1
RCVCRRGVCRCVCRRGVC,1
RCVCTRGFCRCVCTRGFC,1
RCVCTRGFCRCICLLGIC,1
RCVCTRGFCRCFCRRGVC,1
IIIQYEGHKH,1
FLPGLLAGLL,1
LYKLVKVVLNM,1
IFGAIWNGIKS,1
IFGAIWNGIKSLF,1
ILGKIWEGIKS,1
KKLLKWLLKLL,1
GMWSKILGHLIR,1
GMWSKILKHLIR,1
GMWKKILGHLIR,1
GKWSKILGHLIR,1
GMWKKILGKLIR,1
GKWKKILGHLIR,1
GMWSKLLGHLLR,1
GKWMSLLKHILK,1
GKWMKLLKHILK,1
GKWWSLLKHILK,1
GKWMSFLKHILK,1
GKWMTLLKHILK,1
GKWLSLLKHILK,1
GRILSFIKGLAEHL,1
ILGIITSLLKSL,1
EPILGIITSLLKSL,1
KDLHTVVSAILQAL,1
LKLKSIVSWAKKVL,1
INLKALAALAKKIL,1
ILPILSLIGGLL,1
GLMSVLGHAVGNVLGGLFKPKS,1
IFKAIWSGIKSLF,1
GLNALKKVFQGIHEAIKLINNHVQ,1
LNWGAILKHIIK,1
NLWAGILKHIIK,1
KNWGAILKHIIK,1
LKWGAILKHIIK,1
LNKGAILKHIIK,1
LNWKAILKHIIK,1
LNWGKILKHIIK,1
LNWGAKLKHIIK,1
LNWGAIKKHIIK,1
LNWGAILKKIIK,1
LNWGAILKHKIK,1
LNWGAILKHIKK,1
KNWGKILKHIIK,1
KNWKAILKHIIK,1
LNWGAVLKHVVK,1
LNWGAALKHAAK,1
LNWGAFLKHFFK,1
LNWGAGLKHGGK,1
LNWGALLKHLLK,1
LNWGAWLKHWWK,1
LDVKKIICVACKIKPNPACKKICPK,1
LDVKKIICVACKIRPNPACKKICPK,1
GIHDILKYGKPS,1
GLMSLFKGVLKTAGKHIFKNVGGSLLDQAKCKITGEC,1
GLMSLFRGVLKTAGKHIFKNVGGSLLDQAKCKITGEC,1
GLMSVTKGVLKTAGKHIFKNVGGSLLDQAKCKISGQC,1
GLMSVLKGVLKTAGKHIFKNVGGSLLDQAKCKITGQC,1
GLLSVLKGVLKTTGKHIFKNVGGSLLDQAKCKISGQC,1
GLMDVFKGAAKNLLASALDKIRCKVTKC,1
ILPILGNLLNGLL,1
ILPILGNLLNSLL,1
VNWKKVLGKIIKVAK,1
VNWKKILGKIIKVAK,1
VNWKKILGKIIKVVK,1
GFGMALKLLKKVL,1
AFGMALKLLKKVL,1
LFGMALKLLKKVL,1
GFKMALKLLKKVL,1
RWKIFKKIEKVGQNIRDGIVKAGPAVAVVGQAATI,1
ASNFDCCLGYTDRILHPKFIVGFTRQLANEGCDINAIIFHTKKKLSVCANPKQTWVKYIVRLLSKKVKNM,1
FLGGILNTITGLL,1
FLEGLLNTVTGLL,1
FLGALWNVAKSVF,1
ILSAIWSGIKSLF,1
IPPFIKKVLTTVF,1
FFPIVGKRLYGLL,1
FLSTLLKVAFKVVPTLFCPITKKC,1
FLPLFLPKIICVITKKC,1
FLPIVENCSLVCWENNQKC,1
IFGAIWKGISSLL,1
GILGKLWEGFKSIV,1
FLSTIWNGIKSLL,1
FLPIIAKVLSGLL,1
FLPILASLAAKFGPKLFCLVTKKC,1
FLPILASLAAKLGPKLFCLVTKKC,1
FLPILASLAATLGPKLLCLITKKC,1
GILSTFKGLAKGVAKDLAGNLLDKFKCKITGC,1
GIMDSVKGLAKNLAGKLLDSLKCKITGC,1
INWLKLGKMVIDAL,1
SILPTIVSFLSKFL,1
SILPTIVSFLTKFL,1
FILPLIASFLSKFL,1
SMISVLKNLGKVGLGFVACKVNKQC,1
FLGGLMKIIPAAFCAVTKKC,1
GLLLDTLKGAAKDIAGIALEKLKCKITGCKP,1
AILTTLANWARKFL,1
NILNTIINLAKKIL,1
FLPLIASLAANFVPKIFCKITKKC,1
FLPLIASVAANLVPKIFCKITKKC,1
SLLGTVKDLLIGAGKSAAQSVLKGLSCKLSKDC,1
GVFSFLKTGAKLLGSTLLKMAGKAGAEHLACKATNQC,1
GIFSALAAGVKLLGNTLFKMAGKAGAEHLACKATNQC,1
GILDTFKGVAKGVAKDLAVHMLENLKCKMTGC,1
GIMNTVKDVATGVATHLLNMVKCKITGC,1
FLPVLTGLTPSIVPKLVCLLTKKC,1
FLPVLAGLTPSIVPKLVCLLTKKC,1
FFPMLAGVAARVVPKVICLITKKC,1
FLPMLAGLAASMVPKLVCLITKKC,1
FLPIITNLLGKLL,1
NFLDTLINLAKKFI,1
GFWGKLWEGVKSAI,1
VIVFVASVAAEMMQHVYCAASKKC,1
FIFPKKNIINSLFGR,1
TSRCIFYRRKKCS,1
KEKLKLKCKAPKCYNDKLACT,1
VAIYGRDDRSDVCRQVQHNWLVCDTY,1
ENMFNIKSSVESDSFWG,1
EMLKKKKEVKMERKT,1
FLPAVIRVAANVLPTAFCAISKKC,1
LPFVAGVAAEMMQHVYCAASKKC,1
ILPFVAGVAAEMMQHVYCAASKKC,1
IDPFVAGVAAEMMQHVYCAASKKC,1
INPFVAGVAAEMMQHVYCAASKKC,1
ILPFVAGVAAEMMKHVYCAASKKC,1
IIPFVAGVAAEMMEHVYCAASKKC,1
QLPFVAGVACEMCQCVYCAASKKC,1
ILPFVAGVAAEMMEHVYCAASKKC,1
ILPFVAGVAAMEMEHVYCAASKKC,1
FLPAVLLVATHVLPTVFCAITRKC,1
LAFVAGVAAEMMQHVYCAASKKC,1
GILDTFKNMALNAAKSAGVSVLNALSCKLSKTC,1
GLLDTFKNMALNAAKSAGVSVLNALSCKLSKTC,1
GLLDTFKNMAINAAHGAGVSVLNALSCKLKKTC,1
GLLDTFKNLALNAAESAGVSVLNSLSCKLSKTC,1
GLLDGILNANFNAAKSAGTSVLNALSCKLSKTC,1
GVLATVKNLLIGTGDGAAQSVLKTLSCKLSNDC,1
GVLGTVKDLLIGAGKSAAQSTLKTLSCKISNDC,1
GVLATVKNLLNGTGDGAAQSVLKTLSCKLSNDC,1
SVLGTVKDLLIGAGKSAAQSVLTALSCKLSNSC,1
GLLDTIKNMALNAAKSAGVSVLNSLSCKLSKTC,1
GLIDTIKNMALNAAKSAGVSVLNTLSCKLSKTC,1
SVLGTVKDLLIGAGKSAAQSVLTANSCKLSNSC,1
SFLDTLKNLAISAAKGAGQSVLSTLSCKLSETC,1
GLLDTIKNMALNAAKSAGVSVLNSLSCKDSKTC,1
GLLDTIKNMALNAAKSAGVSVLNTLSCKLSKTC,1
SFLDTLKNLAISAAKGAGQSVLSTLSCKLSKTC,1
SFLSTFKELAINAAKNAGQSILHTLSCKLDKTC,1
SFLSTFKELAINAAKNAGQSLLHTLSCKLDKTC,1
SVMGTVKDLLIGAGKSAAQSVLKSLSCKISNDC,1
SVMGTVKDLLIGAGKSAAQSVLKSLSCKLSNDC,1
SVMGTVKDLLIGAGKSAAQSVLKALSCKLSKDC,1
GLFSKFVGKGIKNFLIKGVKHIGKEVGMDVIRVGIDVAGCKIKGVC,1
GLFSKFSGKGIKNFLIKGVKHIGKEVGMDVIRTGIDVAGCKIKGEC,1
GLFSKFAGKGIKDLIFKGVKHIGKEVGMDVIRTGIDVAGCKIKGEC,1
GLFTKFAGKGIKDLIFKGVKHIGKEVGMDVIRTGIDVAGCKIKGEC,1
GLFSKFAGKGIKNFLIKGVKHIGKEVGMDVIRTGIDVAGCKIKGEC,1
GLFSKFAGKGIKNFLNKGVKHIGKE,1
GIFSKISGKAIKNLFIKGAKNVGKEVGMDVVRTGIDVVGCKIKGEC,1
KISGKAIKNLFIKGAKNVGKEVGMDVVRTGIDVVGCKIKGEC,1
GIFSKISGKAIKNLFIKGAKNVGKRVGMDVVRTGMDVVGCKIKGEC,1
GIFSKISGKAIKNLFIKGAENVGKHVGMDVVRTGIDVVGCKIKGEC,1
GIFSKISGKAIKNLFIKGAKNVGKEVGMDVVRTGMDVVGCKIKGEC,1
GIFTLIKGAAKLIGKTVAKEAGKTGLELMACKITNQC,1
GLFTLIKGAAKLIGKTTAKEAGKTGKLEMACKITNQC,1
GVFTLIKGATQLIGKTLGKELGKTGLELMACKITNQC,1
GVFTLIKGATQLIGKTLGKEVGKTGLELMACKITKQC,1
GVFTLLKGATQLIGKTLGKELGKTGLELMACKITNQC,1
GVFTLIKGATQLIGKTLGKELGKTGLELMACKITEQC,1
GVFTLIKGATQLIGKTLGKELGKTGLEIMACKITKQC,1
QVFTLIKGATQLIRKTLGEQ,1
GLLSGVLGVGKKIVCGLSGLC,1
GIFGKILGVGKKTLCELSGMC,1
GIFLKVLGVGKKVLCGVSGLC,1
GILSGILGVGKKLVCGLSGLC,1
GILSGILGVGKMLVCGLSGLC,1
GILSGLLGVGKMLVCGLSGLC,1
GILSGVLGMGKKIVCGLSGLC,1
GILGNIVGMGKKIVCGLSGLC,1
GILGNIVGMGKKVVCGLSGLC,1
GILSGVLGMGKKIVCGLRGLC,1
GILGNIVGMGKQVVCGLSGLC,1
VVKCSYRLGSPDSQCN,1
GFMDTAKNVAKNMAGNLLDNLKCKITKAC,1
GFMDTAKNVAKNMAVTLLDNLKCKITKAC,1
GFMDTAKNVAKNEAGNLLDNLKCKITKAC,1
GFMATAKNVAKNMDVTLLDNLKCKITKAC,1
GFMNTAKNVAKNVAVTLLDNLKCKITGGC,1
GLFTLIKGAYKLDAPTVACN,1
GLFTLIKGAYKNDAPTVACN,1
ATNIPFKVHFRCKAAFC,1
AVNIPFKVHFRCKAAFC,1
GLFSKFAGKGIVNFLIEGVE,1
FLPKLFAKITKKNMAHIR,1
FLPKLFAGIISKNF,1
VVKCSYRQGSPDSR,1
VVKFSYRKGSPAPQKN,1
ENAEEDIVLMENLFCSYIVGSADSFWT,1
DANVENGEDAEDLTDKFIGLMG,1
RFIYMKGFGKPRFGKR,1
SADQTGMNKAALSPIRFISKSV,1
IPWKLPATFRPVERPFSKPFCRKD,1
KNNFCQVLYVWLLRLGKQCFVKFSKDVET,1
FLPGLECVW,1
VTPPWARIYYGCAKA,1
FFSTSCRSGC,1
AAPRGGKGFFCKLFKDC,1
LLPPWLRPRNG,1
APDRPRKFCGILG,1
VFLGNIVSMGKKI,1
DAAVEPELYHWGKVWLPN,1
CVDIGFSPTGKRPPFCPYPG,1
FKVQNQHGQVVKIFHH,1
FLPFLIPALTSLISSL,1
SFPFFPPGICKRLKRC,1
SFHVFPPWMCKSLKKC,1
YVPPVQKPHPNGPKFPTFP,1
GIGKFLHSAGKFGKAFLGEVMKS,1
GMASKAGSIVGKIAKIALGAL,1
GLGSLLGKAFKIGLKTVGKMMGGAPREQ,1
GFLGPLLKLGLKGVAKVLPHLIPSRQQ,1
GIGKFLHSAGKFGKAFIGEIMKS,1
GLGSLLGKAFKFGLKTVGKMMAGAPREQ,1
GMASKAGSVLGKITKIALGAL,1
GLGSLLGKAFKFGLKTVGKMMGGAPREQ,1
IKLSPETKDNLKKVLKGAIKGAIAVAKMV,1
LKIPGFVKDTLKKVAKGIFSAVAGAMTPS,1
IKIPAVVKDTLKKVAKGVLSAVAGALTQ,1
IKIPAFVKDTLKKVAKGVISAVAGALTQ,1
IKIPPIVKDTLKKVAKGVLSTIAGALST,1
GMASKAGSVAGKIAKFALGAL,1
GFGSFLGSLFKTGLKIIPKLLPSIQQ,1
RWCVYAYVRIRGVLVRYRRCW,1
AALKGCWTKSIPPKPCSGKR,1
AALRGCWTKSIPPKPCSGKR,1
AALRGCWTKSIPPKPCPGKR,1
SALVGCWTKSYPPKPCFGR,1
SALVGCGTKSYPPKPCFGR,1
SALVGCWTKSYPPNPCFGRG,1
SALVGCWTKSWPPKPCFGRG,1
SALVGCWTKSWPPKPCFGR,1
GIKEFAHSLGKFGKAFVGGILNQ,1
GMASKAGSVLGKVAKVALKAAL,1
GLGSVLGKALKIGANLL,1
AAFRGCWTKNYSPKPCL,1
FLPIALKALGSIFPKIL,1
FLPGLIAGIAKML,1
FMGSALRIAAKVLPAALCQIFKKC,1
GFLSALKKYLPIVLKHV,1
RWCFRVCYRGICYRKCR,1
RRWCFRVCYKGFCYRKCR,1
FFPLLFGALSSMMPKLF,1
FIGPVLKMATSILPTAICKGFKKC,1
FLGPIIKMATGILPTAICKGLKKC,1
SIRDKIKTMAIDLAKSAGTGVLKTLICKLDKSC,1
SIRDKGKTIAIDLAKSAGTGVLKTLMCKLDKSC,1
GRDYRTCLTIVQKLKKMVDKPTQRSVSNAATRVCRTGRSRWRDVCRNFMRRYQSRVTQGLVAGETAQQICEDLR,1
FLFSLIPHAIGGLISAFK,1
FPFSLIPHAIGGLISAIK,1
FLFSLIPKAIGGLISAFK,1
NALSMPRNKCNRALMCFG,1
NALSSPRNKCDRASSCFG,1
FLSLIPHIVSGVASIAKHF,1
ACYCRIPACFAGERRYGTCFYLGRVWAFCC,1
RCVCRRGVCRCVCTRGFC,1
IFGAILPLALGALKNLIK,1
LLGMIPLAISAISALSKL,1
GLWSKIKEAAKAAGKAALNAVTGLVNQGDQPS,1
LLGMIPVAISAISALSKL,1
GLWQKIKSAAGDLASGIVEGIKS,1
EGPVGLADPDGPASAPLGAP,1
GPVGLLSSPGSLPPVGGAP,1
FALGAVTKLLPSLLCMITRKC,1
FALGAVTKRLPSLFCLITRKC,1
FLWGLIPGAISAVTSLIKK,1
CRFCCRCCPRMRGCGLCCRF,1
GKLNLFLSRLEILKLFVGAL,1
FIQYLAPLIPHAVKAISDLI,1
ILGPVLGLVSDTLDDVLGIL,1
KSLRPRCWIKIKFRCKSLKF,1
RPRCWIKIKFRCKSLKF,1
FLGAIAAALPHVINAVTNAL,1
FFGAIAAALPHVISAIKNAL,1
FVGAIAAALPHVISAIKNAL,1
IIGAIAAALPHVINAIKNTF,1
FIKELLPHLSGIIDSVANAIK,1
LAHQKPFIRKSYKCLHKRCR,1
GIVEQCCASVCSLYQLENYCN,1
KSKEKIGKEFKRIVQRIKDFLRNLVPRTES,1
KIKIPWGKVKDFLVGGMKAV,1
FLLFPLMCKIQGKC,1
FVLPLVMCKILRKC,1
GWANTLKNVAGGLCKITGAA,1
VRLEFKLQQTSCRKRDWKKP,1
FLPAVIRVAANVLPTVFCAISKKC,1
GIFGKILGAGKKVLCGLSGLC,1
GIFGKILGVGKKVLCGLSGMC,1
KTCENLADTYKGPCFTTGSCDDHCKNKEHLRSGRCRDDFRCWCTKNC,1
APPGARPPPGPPPPGPPPPGP,1
GLLSKVLGVGKKVLCGVSGLC,1
GLLDSIKGMAISAGKGALQNLLKVASCKLDKTC,1
QGSPARCRFCCRCCPRMRGCGICCRF,1
GLLGGLLGPLLGGGGGGGGGLL,1
GIGTKILGGVKAALKGALKELASTYVN,1
GIGTKFLGGVKTALKGALKELASTYVN,1
GIGGALLSAGKSALKGLAKGLAEHF,1
GIGGKILGGLKTALKGAAKELASTYLH,1
GIGTKFLGGVKTALKGALKELAFTYVN,1
GIGGALLSVGKSALKGLTKGLAEHF,1
GIGGKILGGLRTALKGAAKELAATYLH,1
GIGGVLLSAGKAALKGLTKVLAEKYAN,1
GIGGVLLGAGKATLKGLAKVLAEKYAN,1
GIGGALLSAGKAALKGLAKVLV,1
SIGAKILGGVKTFFKGALKELAFTYLQ,1
GIGGALLSAGKSALKGLAKGLAEHL,1
GIGGALLSVGKLALKGLANVLADKFAN,1
ILGPVIKTIGGVIGGLLKNL,1
ILGPVISTIGNVLGGLLKNL,1
ILGPVLGLVGDTLGDLL,1
ILGPVLGLVSNALGGLL,1
ILGPVLGLVSNTLDDVLGIL,1
ILGPVLGLVGNALGGLIKKL,1
ISGPVLGLVGNALGGLIKKI,1
ILGPVLGLVGSALGGLI,1
ILGLVISTIGNVLGGLLKNL,1
ILGPVLGLDGNALGGLIKKI,1
ILGPVISTIGNALGGLLKNL,1
KRGFGKKLRKRLKKFRNSIKKRLKNFNVVIPIPLPG,1
KRGLWESLKRKATKLGDDIRNTLRNFKIKFPVPRQG,1
RTKRRIKLIKNGVKKVKDILKNNNIIILPGSNEK,1
RPWAGNGSVHRYTVLSPRLKTQ,1
RRGFWKRLRRRLRRFGDRIRNRFRNFREKLPDPFPG,1
GAARKSIRLHRLYTWKATIYTR,1
GKWGWIYITILFADVGGFKSSRHPEERRVQERRFKRITRGPD,1
GLVTSLIKGAGKLLGGLFGSVTG,1
GVVTDLLNTAGGLLGNLVGSLSG,1
GVVTDLLKTAGKLLGNLVGSLSG,1
GVVTDLLKTAGKLLGNLFGSLSG,1
GLVTGLLKTAGKLLGDLFGSLSG,1
RIGVLLARLPKLFSLFKLMGKKV,1
YPIKPEAPREDASPEELNRYYASLRHYLNLVTRQRY,1
PEEMNKYLTALRHYINLVTRQRY,1
GLLSGILGAGKHIVCGLTGCAKA,1
FLRFIGSVIHGIGHLVHHIGVAL,1
DSMGAVKLAKLLIDKMKCEVTKAC,1
GFMDTAKNVAKNVAVTLIDKLRCKVTGGC,1
GFIFHIIKGLFHAGKMIHGLV,1
WRSLGRTLLRLSHALKPLARRSGW,1
VIPFVASVAAEMMHHVYCAASKRC,1
GIFSKLAGKKIKNLLISGLKNIGKEVGMDVVRTGIDIAGCKIKGEC,1
SPAGCRFCCGCCPNMRGCGVCCRF,1
GRGREFMSNLKEKLSGVKEKMKNS,1
VKLIQIRIWIQYVTVLQMFSMKTKQ,1
FFPIIAGMAAKLIPSLFCKITKKC,1
FLPIIAGMAAKVICAITKKC,1
FFPIIAGMAAKVICAITKKC,1
FLPAIVGAAAKFLPKIFCAISKKC,1
FLPIIAGIAAKFLPKIFCTISKKC,1
FLPVIAGVAANFLPKLFCAISKKC,1
FLPIIAGAAAKVVQKIFCAISKKC,1
FLPIIAGAAAKVVEKIFCAISKKC,1
GILSSFKGVAKGVAKNLAGKLLDELKCKITGC,1
FLPILAGLAAKLVPKVFCSITKKC,1
FLPILAGLAANILPKVFCSITKKC,1
FLPIIAGVAAKVLPKLFCAITKKC,1
FLPVIAGLAAKVLPKLFCAITKKC,1
FFPTIAGLTKLFCAITKKC,1
GFSSIFRGVAKFASKGLGKDLAKLGVDLVACKISKQC,1
GLMDTVKNAAKNLAGQLLDRLKCKITGC,1
GLMDTIKGVAKNVAASLLEKLKCKVTGC,1
GLLSTFKNLATNVAGTVIDTLKCKVTGGCRT,1
DSHEERRQGRHGHHEYGRKFHEKH,1
DSHEKRHHEHRRKFHEKHHSHRGY,1
GWKDWLNKGKEWLKKKGPGIMKAALKAATQ,1
DFKDWMKTAGEWLKKKGPGILKAAMAAAT,1
GIWGTALKWGVKLLPKLVGMAQTKKQ,1
FWGALIKGAAKLIPSVVGLFKKKQ,1
FIGTALGIASAIPAIVKLFK,1
GIPCGESCVFIPCTVTALLGCSCKDKVCYKN,1
GVPCAESCVWIPCTVTALLGCSCKDKVCYLN,1
GSGRGSCRSQCMRRHEDEPWRVQECVSQCRRRRGGGD,1
DRCSQQCQHHRDPDRKQQCMRECRRHQGRSD,1
DRCSQQCQHHRDPDRKQQCMRECRRH,1
RKGWFKAMKSIAKFIAKEKLKEHL,1
GNPANPLNLKKHHGVFCDVCKALVEGGEKVGDDDLDAWLDVNIGTLCWTMLLPLHHECEEELKKVKKELKKDIENKDSPDKACKDVDLC,1
GSHGAFCHLCEDLIKDGKEAGDVALDVWLDEEIGSRCKDFGVLASECFKELKVAEHDIWEAIDQEIPEDKTCKEAKLC,1
FLSLIPSLVGGSISAFK,1
FLGMIPGLIGGLISAFK,1
FLSLIPKLVKKIIKAFK,1
FLGMIPKLIKKLIKAFK,1
RFRLPFRRPPIRIHPPPFYPPFRRFL,1
FKKALHLFKPIKKFLKWK,1
KFLHLAKKFPKWKLFKKI,1
GLWNSIKIAGKKLFVNVLDKIRCKVAGGCKTSPDVE,1
GLWNSIKIAGKKLFVNVLDKIRCKVAGGCKTSPDVEYHK,1
KTSPDVE,1
KTSPDVEYHK,1
GLWNSIKIAGKKLFVNVLDKIRCKVAGGC,1
GLWDSIKIAGKKLFVNVLDKIRCKVAGGC,1
GLWNSIKIAGKNLFVNVLDKIRCKVAGGC,1
GLWNSIKIAGKKLFVNVLDKIRSKVAGGS,1
GKKLFVNVLDKIRCKVAGGC,1
AMVSS,1
AMVGT,1
YKQCHKKGGHCFPKEKICLPPSSDFGKMDCRWRWKCCKKGSG,1
SQLGDLGSGAGQGGGGGGSIRAAGGAFGKLEAAREEEFFYKKQKEQLERLKNDQIHQAEFHHQQIKEHEEAIQRHKDFLNNLHK,1
SWLSKTYKKLENSAKKRISEGIAIAIQGGPR,1
MPKRKAEGDAKGDKAKV,1
GEKVPKGKKGKADAGKEGNNPAENGDAKTDQAQKAEGAGDAK,1
KDEPQRRSARLSAKPAPPKPEPKPKKAPAKK,1
VKRFKKFFRKLKKSVK,1
VKRFKKFFRKLKKSVKK,1
VKRFKKFFRKLKKSVKKL,1
LVKRFKKFFRKLKKSV,1
LVKRFKKFFRKLKKSVK,1
LVKRFKKFFRKLKKSVKK,1
VKRFKKFFRKLKKS,1
SAKELRCQCIKTYSKPFHPKFIKELRVIESGPHCANTEIIVKLSDGRELCLDPKENWVQRVVEKFLKRAENS,1
RSGRGECRRQCLRRHEGQPWETQECMRRCRRRG,1
QGVRNSQSCRRNKGICVPIRCPGSMRQIGTCLGAQVKCCRRK,1
RTCMIKKEGWGKCLIDTTCAHSCKNRGYIGGNCKGMTRTCYCLVNC,1
FLGLIFHGLVHAGKLIHGLIHRNRG,1
GVVDILKGAAKDLAGHLATKVMNKL,1
GVVDILKGAAKDIAGHLASKVMNKL,1
GVVDILKGAAKDIAGHLASKVM,1
ILKKLLSTAAGLLSNL,1
ILGKLLKTAAGLLSNL,1
ILGKLLSTAAKLLSNL,1
ILGKLLSTAAGLLKNL,1
ILGKLLSTAAGLLSKL,1
ILGKLLKTAAKLLSNL,1
LVKRFKKFFRKLKKS,1
KLVKRFKKFFRKLKKS,1
GILDSFKDVAKGVATHLLNMAKCKMTGC,1
GILDTFKGVAKGVAKDLAVHMLEKLKCKMTGC,1
GILSSFKDVAKGVAKNVAAQLLDKLKCKITGC,1
GILDTVKGVAKDVAAHLLNMVKCKITGC,1
FLPLAMALGKLL,1
ILGAILPLVSGLLSNKL,1
GLLDTLKGAAKNVVGSLASKVMEKL,1
GLMDTVKNAAKNLAGQMLDKLKCKITGSC,1
LKLSPKTKDTLKKVLKGAIKGAIAIASMA,1
IKIPSFFRNILKKVGKEAVSLIAGALKQS,1
GIFPIFAKLLGKVIKVASSLISKGRTE,1
GLKKIFKAGLGSLVKGIAAHVAS,1
GLKKIFKKGLGSLVKGIAAHVAS,1
GLKKIFKAGLGSLKKGIAAHVAS,1
GLKKIFKAGLGSLVKGIKAHVAS,1
FLPILASLAAKFGPKLFSLVTKKS,1
IKLSKETKDNLKKVLKGAIKGAIAVAKMV,1
IKLSPKTKDNLKKVLKGAIKGAIAVAKMV,1
IKLSPETKKNLKKVLKGAIKGAIAVAKMV,1
IKLSKKTKDNLKKVLKGAIKGAIAVAKMV,1
IKLSKETKKNLKKVLKGAIKGAIAVAKMV,1
IKLSPKTKKNLKKVLKGAIKGAIAVAKMV,1
GAPKGCWTKSYPPQPCS,1
GAPKGCWTKSYPPKPCK,1
GLPRKILCAIAKKKGKCKGPLKLVCKC,1
GLPRKILAAIAKKKGKAKGPLKLVAKA,1
GLPRKILCAIAKKKGKAKGPLKLVCKA,1
GLPRKILAAIAKKKGKCKGPLKLVAKC,1
LCAIAKKKGKCKGPLKLVCKC,1
AKKKGKCKGPLKLVAKC,1
GLPRKILAAIAKKK,1
HKTDSFVGLM,1
HSDAVFTDNYTRLRKQMAVKKYLNSILN,1
ACDTATCVTHRLAGLLSRSGGVVKNNFVPTNVGSKAF,1
RCLPAGKTCVRGPMRVPCCGSCSQNKCT,1
ACGILHDNCVYVPAQNPCCRGLQCRYGKCLVQV,1
GKQYFPKVGGRLSGKAPLAAKTHRRLKP,1
VGECVRGRCPSGMCCSQFGYCGKGPKYCG,1
RVRRFWPLVPVAINTVAAGINLYKAIRRK,1
LVQRGRFGRFLKKVRRFIPKVIIAAQIGSRFG,1
SGTSEKERESGRLLGVVKRLIVCFRSPFP,1
KWKWKW,1
KWKWKWKW,1
RKCNFLCKLKEKLRTVITSHIDKVLRPQG,1
CRRLCYKQRCVTYC,1
QCRRLCYKQRCVTYCRGR,1
QLKVDLWGTRSGIQPEQHSSGKSDVRRWRSRY,1
KNIGNSVSCLRNKGVCMPGKCAPKMKQIGTCGMPQVKCCKRK,1
MAFKKLEKVGRNIRDGIIKAGPAVAVIGQATSIARPTGK,1
VKVGINGFGRIGRLVTRAAFHGKKVEVVAIND,1
KWLRRVWRWWR,1
FKCRRWQWRWKKLGAKPVPIIYCNRRTGKCQRM,1
LLIILRRRIRKQAHAHSK,1
FRFGSFLKKVWKSKLAKKLRSKGKQLLKDYANKVLNGPEEEAAAPAE,1
AAAAGSCVWGAVNYTSDCNGECKRRGYKGGHCGSFANVNCWCET,1
DKLIGSCVWGAVNYTSDCAAECKRRGYKGGHCGSFANVNCWCET,1
DKLIGSCVWGAVNYTSDCNGECLLRGYKGGHCGSFANVNCWCET,1
DKLIGSCVWGAVNYTSDCNGECKRRGYKGGHCGSFANVNCWCRT,1
AAAAGSCVWGAVNYTSDCNGECKRRGYKGGHCGSFANVNCWCRT,1
AAAAGSCVWGAVNYTSDCAAECKRRGYKGGHCGSFANVNCWCET,1
AAAAGSCVWGAVNYTSDCNGECLLRGYKGGHCGSFANVNCWCET,1
DKLIGSCVWGAVNYTSDCAAECKRRGYKGGHCGSFANVNCWCRT,1
DKLIGSCVWGAVNYTSDCNGECLLRGYKGGHCGSFANVNCWCRT,1
DKLIGSCVWGAVNYTSDCAAECLLRGYKGGHCGSFANVNCWCET,1
AAAAGSCVWGAVNYTSDCAAECKRRGYKGGHCGSFANVNCWCRT,1
AAAAGSCVWGAVNYTSDCNGECLLRGYKGGHCGSFANVNCWCRT,1
AAAAGSCVWGAVNYTSDCAAECLLRGYKGGHCGSFANVNCWCET,1
DKLIGSCVWGAVNYTSDCAAECLLRGYKGGHCGSFANVNCWCRT,1
AAAAGSCVWGAVNYTSDCAAECLLRGYKGGHCGSFANVNCWCRT,1
LLQWLSKLLGRLL,1
LLQWLSKLLGRWL,1
FVQWFSKFLLRIL,1
FVPWFSKFLGRIL,1
FLPWFSKFLGRIL,1
FVPWFSKFLPRIL,1
FVQWFSKFLGKIL,1
FVQWFSRFLGRIL,1
FVRWFSKFLGRIL,1
FVRWFSRFLGRIL,1
ELLKAVRLIK,1
RAGLQWPIGRLLRRLLRRLLR,1
RVVRQWPIGRVVRRVVRRVVR,1
KLLKQWPIGKLLKKLLKKLLK,1
KVVKQWPIGKVVKKVVKKVVK,1
FFGWLIKGAIHAGKAIHGLIHRRRH,1
ALPLIGRVLSGIL,1
FAPLIGRVLSGIL,1
FLALIGRVLSGIL,1
FLPAIGRVLSGIL,1
FLPLAGRVLSGIL,1
FLPLIARVLSGIL,1
FLPLIGAVLSGIL,1
GRRRRSVQWCA,1
FLPLIGRALSGIL,1
FLPLIGRVASGIL,1
FLPLIGRVLAGIL,1
FLPLIGRVLSAIL,1
FLPLIGRVLSGAL,1
FLPLIGRVLSGIA,1
WKWKWK,1
LDPKVVQSLL,1
INLKGLIKKVASLLT,1
FDLLGLVKKVASAL,1
FDLLGLVKSVVSAL,1
AINPKSVQSLL,1
INPKSVQSLL,1
LSPAVMASLA,1
LSPAAMASLA,1
VHVPPICSHRECRK,1
FGPVIGLLSGILKSLL,1
GFFKKAWRKVKHAGRRVLDTAKGVGRHYVNNWLNRYR,1
GWFKKAWRKVKNAGRRVLKGVGIHYGVGLI,1
SFFKKAAHVGKHVGKAALTHYL,1
KKAAHVGKHVGKAALTHYL,1
GWGSFFKKAAHVGKHVGKAALT,1
GWGSFFKKAAHVGKHVGKA,1
RWKIFKKIEKVGRNVRDGIIKAGPAVAVVGQAATVVKG,1
RGGGLCYCRRRFCVCVGR,1
RGGRLCYCRGWICFCVGR,1
RGGRLCYCRPRFCVCVGR,1
ILPFKFPFFPFRR,1
RCYCRRRFCVCVGR,1
ILPYKYPYYPYRR,1
RGGRLCYCRRRFCVCR,1
RCYCRRRFCVCR,1
RCYARRRFAVCR,1
RAYCRRRFCVAR,1
LCYTRPRFTVCV,1
ILPWKWPWWPARR,1
ILPWKWPWAPARR,1
ILPWKWPAAPARR,1
ILPWKAPAAPARR,1
ILPAKAPAAPARR,1
KLKKLLKKWLKLLKKLLK,1
WFRKQLKW,1
MGLPVTGVEELVELVSSDDPVADHQELPVELGERLFNIRKKRAPAKCTPYCYPTRDGVFCGVRCDFQHHHHHH,1
GFKKLLKGAAKALVKTVLF,1
KWCFCVCYRGICYCRCRG,1
KWCFCVCYRGICRCRCRG,1
KWCRCVCRRGICYCRCRG,1
KWCRCVCRRGICRCRCRG,1
KWCRCVCRRGICRCRCRK,1
GFKDLLKKAAKALVKTVLF,1
GFKDLLKGAKKALVKTVLF,1
GFKDLLKGAAKALKKTVLF,1
GFKDLLKGAAKALVKTVKF,1
GFKDLLKGAAKALVKAVLF,1
KLLGPLLKIAAKVGSNLL,1
GLLGKLLKIAAKVGSNLL,1
GLLGPLLKIAKKVGSNLL,1
GLLGPLLKIAAKVGKNLL,1
GLLGPLLKIAAKVGKKLL,1
GLLGPLLKIAAKVGSKLL,1
GLLGKLLKIAAKVGKKLL,1
GLLKKLLKIAAKVGKKLL,1
GLFNVFKGALKTAGKHVAGSLLNQLKCKVSGGC,1
FLPLLASLFSRLF,1
RWRSFFKKAAHRGKHVGKRARTHYL,1
SWSSFFKKAAHSGKHVGKSASTHYL,1
VGKTWIKVIRGIGKSKIKWQ,1
KVFKRLEKLFSKIQNDK,1
FKRLEKLFSKIQNDK,1
RLEKLFSKIQNDK,1
AKKVFKRLEKLFSKIQN,1
AKKVFKRLEKLFSKI,1
AKKVFKRLEKLFS,1
KVFKRLEKLFSKI,1
KVFKRLEKLFS,1
FKRLEKLF,1
WKKVFKRLEKLFSKIWNWK,1
FKRLEKLFSKIWNWK,1
FKRLKKLFSKIWNWK,1
FKRLEKLFKKIWNWK,1
FKRLKKLFKKIWNWK,1
AKKVFKRLRKLFKKI,1
CIAKGNGCQPSGVQGNCCSGHCHKEPGWVAGYCK,1
HKLGTLVNLAKKIL,1
HFKGTLVNLAKKIL,1
HFLKTLVNLAKKIL,1
HFLGKLVNLAKKIL,1
HFLGTLKNLAKKIL,1
HFLGTKVNLAKKIL,1
HFLGTLVKLAKKIL,1
HFLGTLVNKAKKIL,1
HFLGTLVNLKKKIL,1
HFLGTLVNLAKKKL,1
HFLGTLVNLAKKIK,1
KLRRWVRWI,1
KWRRWVRWL,1
KWRRWIRWL,1
KWRRWIRWW,1
KKLFKKIKKFL,1
KKLFKKALKFL,1
KKLFKKGLKFL,1
GKLFKKILKFL,1
GKLFKKILKIL,1
KKLIKKILKIL,1
GRLKKLGKKIEGAGKRVFKAAEKALPVVAGVKALG,1
GRLKKLGKKIEGAGKRVFKAAEKALPVVAGVKAL,1
ELPKLPDDKVLIRSRSNCPKGKVWNGFDCKSPFAFS,1
RFRPPIRRPPIRPPFRPPFRPPVRPPIRPPFRPPFRPPIGPFP,1
DHYLCVKNEGICLYSSCPSYTKIEGTCYGGKAKCCK,1
GGYYCPFFQDKCHRHCRSFGRKAGYCGGFLKKTCICV,1
GGYYCPFRQDKCHRHCRSFGRKAGYCGGFLKKTCICV,1
FTCAISCDIKVNGKPCKGSGEKKCSGGWSCKFNVCVKV,1
AGCIKNGGRCNASAGPPYCCSSYCFQIAGQSYGVCKNR,1
GRLRNLIEKAGQNIRGKIQGIGRRIKDILKNLQPRPQV,1
ILENLLARSTNEDREGSIFDTGPIRRPKPRPRPRPEG,1
DTGPIRRPKPRPRPRPE,1
GPIRRPKPRPRPRPE,1
RPKPRPRPRPE,1
ILENLLARSTNEDREGSIF,1
VAKCTEESGGKYFVFCCYKPTRICYMNEQKCESTCIGK,1
GGKCTVDWGGQGGGRRLPSPLFCCYKPTRICYLNQETCETETCP,1
ANKCIIDCMKVKTTCGDECKGAGFKTGGCALPPDIMKCCHNC,1
AKKVFKRLGIGAVLKVLTTG,1
ACADLRGKTFCRLFKSYCDKKGIRGRLMRDKCSYSCGCR,1
AKKVFKRLGIGAVLWVLTTG,1
AKKVFKRLGIGAVLKVLTWG,1
AKKVFKRLGIGAVLWVLTWG,1
AWKVFKRLGIGAVLWVLTWG,1
AKKVFKRLGIGAVLKVLKKG,1
QQCGRQAGNRRCPNNLCCSQFGYCGRTNEYCCTGFGCQSNCRRCG,1
DAEFRHDSGYEVHHQKLVFFAEDVGSNKGAIIGLMVGGVVIA,1
DAEFRHDSGYEVHHQKLVFFAEDVGSNKGAIIGLMVGGVV,1
KWKLFKKIGIGKFLHSAKKF,1
DAEFRHDSGYEVRHQKLVFFAEDVGSNKGAIIGLMVGGVVIA,1
AIVVGGVMLGIIAGKNSGVDEAFFVLKQHHVEYGSDHRFEAD,1
DSHAKRHHGYKIKFHENHHSHRGY,1
DSHAKRHHGYKIKFHEKHHSLRGY,1
EGRERDHELRHRRHHHQSPKSHFELPHYPGLLAHQKPFIRKSYKCLHKRCR,1
YDLSKNCRLRGGICYIGKCPRRFFRSGSCSRGNVCCLRFG,1
CLAGRLDKQCTCRRSQPSRRSGHEVGRPSPHCGPSRQCGCHMD,1
YENPYGCPTDEGKCFDRCNDSEFEGGYCGGSYRATCVCYRT,1
DTLACRQSHGSCSFVACRAPSVDIGTCRGGKLKCCKWAPSS,1
GSTLACRQSHGSCSFVACRAPSVDIGTCRGGKLKCCKWAPSS,1
FSCDVLSFQSKWVSPNHSACAVRCLAQRRKGGKCKNGDCVCR,1
ACAVRCLAQRRK,1
GGKCKNGDCVCR,1
RKKWFW,1
DSHEKRHHGYKRKFHEKHHSHRGY,1
TKCFQWQRNMRKVRGPPVSCIKR,1
KRLFRRWQWRMKKY,1
KRLFRRLLFSMKKY,1
FKCKKVVISLRRY,1
KWKLFKKILKFLHLAKKF,1
WKLFKKIPKFLHLAKKF,1
KWFKKIPKFLHLAKKF,1
WFKKIPKFLHLAKKF,1
KWKKLLKKPLLKKLLKKL,1
WKKIPKFLHLAKKF,1
KWKLKPLLKKLLKKL,1
KWKLFKKIPKFLHLAKK,1
KWKKLLKKPLKLKL,1
KWKLFKKIPKFLHLAK,1
KPLLKKLLKKL,1
KWKLFKKIPKFLHLA,1
KWKLFKKIPKFLHL,1
KLLKKPLKLKL,1
KWKLFKKIPKFLH,1
KWKKLLKKPLLKK,1
RRWCFRVCYRGRFCYRKCR,1
RRWCFRVCYKGRCRYKCR,1
RGLRRLGRKIAHGVKKYGATVLRIIRIA,1
RGLRRLGRKIAHGVKKY,1
RKLRRLKRKIAHKVKKY,1
GLPVCGETCFGGTCNTPGCSCTWPICTRD,1
GLPVCGETCTLGTCYTQGCTCSWPICKRN,1
VTCDVLSFEAKGIAVNHSACALHCIALRKKGGSCQNGVCVCRN,1
RRIRPRPPRLPRPRPRPLPFPRPGPRPIPRPLPFP,1
RRIRPRPPRLPRPRP,1
RFRPPIRRPPIRPPFYPPFRPP,1
RRPPIRPPFYPPFRPP,1
RPPIRPPIFPPIRPPFRPPLGPFP,1
AQRCGDQARGAKCPNCLCCGKYGFCGSGDAYCGAGSCQSQCRGC,1
KGAPCAKKPCCGPLGHYKVDCSTIPDYPCCSKYGFCGSGPQYCG,1
KGGPCAKKPCCGPLGHYKVDCSTIPDYPCCSKYGFCGSGPQYCG,1
AVTCNTVVSSLAPCVPFFAGSAAQPTAACCNGVRSLNSAARTTPDRRTACNCIKSSASSIGLNYNKAAKLPSRCTVNVTVPISPSVNCAT,1
GSKGAPCAKKPCCGPLGHYKVDCSTIPDYPCCSKYGFCGSGPQYCG,1
GSKGAPCAKKPCCGPLGHYKVDCSTIPDYPCCGKYGFCGSGPQYCG,1
GSKGAPCAKKPCCGPLGHYKVDCSTIPDYPCCSKVGFCGSGPQYCG,1
GSKGAPCAKKPCCGPLGHYKVDCSTIPDYPCCSKNGFCGSGPQYCG,1
GSKGAPCAKKPCCGPLGHYKVDCSTIPDYPCCSKYGVCGSGPQYCG,1
GSKGAPCAKKPCCGPLGHYKVDCSTIPDYPCCSKYGNCGSGPQYCG,1
GSKGAPCAKKPCCGPLGHYKVDCSTIPDYPCCSKYGFCGSGPQVCG,1
GIFPKIIGKGIVNGIKSLAKGVGMKVFKAGLNNIGNTGCNNRDEC,1
GIFSKINKKKAKTGLFNIIKTVGKEAGMDVIRAGIDTISCKIKGEC,1
GLFPKFNKKKVKTGIFDIIKTVGKEAGMDVLRTGIDVIGCKIKGEC,1
GLMDTVKNAAKNLAGQLLDTIKCKMTGC,1
GILDTIKNAAKTVAVGLLEKIKCKMTGC,1
GFISTVKNLATNVAGTVIDTIKCKVTGGC,1
FLPIVGRLISGLL,1
ACPIFTKIQGTYRGKAKCK,1
ACPIFTKIQGTYRGRAKCR,1
SCLPKEEQIGKSTRGRKCRRKK,1
SKCKCSRKGPKIRYSDVKKLEMKPKYPHCEEKMVIITTKSVSRYRGQEHCLHPKLQSTKRFIKWYNAWNEKRRVYEE,1
FLLPPSTACCTQLYRKPLSDKLLRKVIQVELQEADGDCHLQAFVLHLAQRSICIHPQNPSLSQWFEHQERKLHGTLPKLNFGMLRKMG,1
WLRRIGKGVKIIGGAALDHL,1
RWKIFKKIEKMGRNIRDGIVKAGPAIEVLGSAKAI,1
FSEAIKKIIDFLGEGLFDIIKKIAESF,1
FAVWGCADYRGYCRAACFAFEYSLGPKGCTEGYVCCVPNTF,1
GLVGTLLGHIGKAILG,1
GLVGTLLGHIGKAILS,1
KTKQQFLIKAQTQLFKVFGYTL,1
KRFKKFFKKVKKSVKKRLKKIFKKPMVIGVTIPF,1
KTCENLSDSFKGPCIPDGNCNKHCKEKEHLLSGRCRDDFRCWCTRNC,1
RPDFCLEPPYTGPCKARMIRYFYNAKAGLCQPFVYGGCRAKRNNFKSSEDCMRTCGGA,1
KRAKKFFKKLK,1
GVLSAFKNALPGIMKIIV,1
VVCACRRALCLPLERRAGFCRIRGRIHPLCCRR,1
GVLSVIKNALPGIMRFIA,1
QWGYGGYGRGYGGYGGYGRGYGGYGGYGRGYGGYGRGMYGGYGRPYGGYGWGK,1
FGTGVKRKAQCDLKSK,1
GIGRIGKVHAANLIKIPKG,1
KKVIIEYVKIEA,1
VKEEVKFSKKW,1
KFKLKSLKIIEYKQ,1
LRPAILVRIK,1
LRPAILVRTK,1
SDYLNNNPLFPRYDIGNVELSTAYRSFANQKAPGRLNQNWALTADYTYR,1
KQSHKKGGHSFPKEKIS,1
KMDSRWRWKSSKK,1
DVNDLKNLCAKTHNLLPMCAMFGKK,1
DVNDLKNLCAKTHNLLPMCAMF,1
ELLVDLL,1
MASRAAGLAARLARLALRAL,1
MASRAARLAARLARLALRAL,1
MAARAARLAARLARLALRAL,1
KGIVGMLGKLF,1
ILQKAVLDCLKAAGSSLSKAAITAIYNKIT,1
AGYLLGKINLKALAALAKKIL,1
EL,1
ELLL,1
KAYSMPRCKGGFRAVMCWL,1
KAYSTPRCKGLFRALMCWL,1
KAYSMPRCKYLFRAVLCWL,1
ALWFTMLKKLGTMALHAGKAALGAAANTISQGTQ,1
ALWMTLLKKVLKAAAKALNAVLVGANA,1
GLWSKIKTAGKSVAKAAAKAAVKAVTNAV,1
ALWKNMLKGIGKLAGKAALG,1
ALWKNMLKGIGKLAGK,1
ALWKNMLKGIGKLAG,1
ALWKNMLKGIGK,1
ALWKNMLKGI,1
GVVKVSRLKGESLRARL,1
IIKVPLKKFKSMREVMRDHGIKAPVVDPATKY,1
SGRGKQGGKVRAKAKTRSSRAGLQFPVGRVHRLLRKGNY,1
AVVKVPLKKFKSIRE,1
AVVKVPLKKFKSIRETMKEKGLLEDF,1
SLFSLIKAGAKFLGKNLLKQGACYAACKASKQC,1
GIMSIVKDVAKNAAKEAAKGALSTLSCKLAKTC,1
GIMSIVKDVAKTAAKEAAKGALSTLSCKLAKTC,1
GILDTLKQFAKGVGKDLVKGAAQGVLSTVSCKLALTC,1
AKRLKKLAKKIWNWK,1
AKRLKKLAKKIWKWK,1
ADDRCERMCQRYHDRREKKQCMKGCRYG,1
TDDRCERMCQHYHDRREKKQCMKGCRYGESD,1
CVYAYVRVRGVLVRYRRCW,1
RWCVYAYVRVAGVLVRYRRCW,1
RLYR,1
RLYRRLYR,1
RLYRRLYRRLYRRLYR,1
RLYRRLYRRLYRRLYRRLYRRLYRRLYRRLYR,1
NLKAIAALAKKLL,1
INLKAITALAKKLL,1
INLKAIAPLAKKLL,1
VIVKAIATLASKLL,1
INLKAIAALVKKLL,1
INLKAIAALARNY,1
FLPIIGKLLSG,1
SPIHACRYQRGVCIPGPCRWPYYRVGSCGSGLKSCCVRNRWA,1
FIHHIIGGLFSVGKHIHGLIHGH,1
FIHHIIGGLFSAGKAIHRLIRRRRR,1
IWDAIFHGAKHFLHRLVNPGGKDAVKDVQQKQ,1
TDHQMAQSACIGVSQDNAYASAIPRDCHGGKTCEGICADATATMDRYSDTGGPLSTARCVNAFHFYKRRGEENVSYKPFVVSWKYGVAGCFYTHCGPNFCCCIS,1
GCRFCCNCCPNMSGCGVCCRF,1
RRSKARGGSRGSKMGRKDSKGGSRGRPGSGSRPGGGSSIAGASRGDRGGTRNA,1
DRCTKRYGRCKRDCLESEKQIDICSLPRKICCTEKLYEEDDMF,1
FIPLVSGLFSRLL,1
VIPIVSGLLSSLL,1
GLLLDTVKGAAKNVAGILLNKLKCKMTGDC,1
AATAKKGAKKADAPAKPKKATKPKSPKKAAKKAGAKKGVKRAGKKGAKKTTKAKK,1
GYGDGCYSEDDLSVCCKKKFKVIGKCFKSVRECQNSGCKYH,1
FFPFLLGALGSLLPKIF,1
FITGLIGGLMKAL,1
FISGLIGGLMKAL,1
FITGLISGLMKAL,1
AMPWRPATGLLPIKPTHIKPLCGDD,1
GFLNTAMNTVTNLAGTLMDKAKCKIRGC,1
GIFSLFKAGAKFFGKNLLKEAGKAGAEHLACKAANQC,1
FLPAVLKVAAHILPTAICAISRRC,1
FMGTALKIAANVLPAAFCKIFKKC,1
GLRDKIKNVAIDVAKGAGTGVLKALLCQLDKSC,1
GVLDTLKNVAIGVAKGAGTGVLKALLCQLDKSC,1
GAFGNLLKGVAKKAGLKILSIAQCKLSGTC,1
GAFGDLLKGVAKEAGLKLLNMAQCKLSGNC,1
SLFGTFAKMALKGASKLIPHLLPSRQQ,1
GVFGLLAKAALKGASKLIPHLLPSRQQ,1
KLGFENFLVKALKTVMHVPTSPLL,1
NLLGSLLKTGLKVGSNLL,1
GLKEVAHSAKKFAKGFISGLTGS,1
GWASSIGSILGKFAKGGAQAFLQPK,1
GWLPTFGKILRKAMQLGPKLIQPI,1
GVWSTILGGLKKFAKGGLDAIVNPK,1
GLLSNVAGLLKQFAKGGVNAVLNPK,1
GFMSKVANFAKKFAKGGVNAIMNQK,1
FIGALLRPALKLLAGK,1
GMATKAGTAFGKAAKAIIGAAL,1
ILPIRSLIKKLL,1
FLPLKKLRFGLL,1
KLLLKLLLKLLK,1
GFREKHFQRFVKYAVPESTLRTVLQTVVHKVGKTQFGCPAYQGYCDDHCQDIEKKEGFCHGFKCKCGIPMGF,1
PPCRGIFCRRVGSSSAIARPGKTLSTFITV,1
GKCNVLCQLKQKLRSIGSGSHIGSVVLPRG,1
KRKKHRCRVYNNGMPTGMYRWC,1
KKLLPIVANLLKSLL,1
NVTPATKPTPSKPGYCRVMDELILCPDPPLSKDLCKNDSDCPGAQKCCYRTCIMQCLPPIFRE,1
LLAGLAANFLPKIFCKITRKC,1
GLAANFLPKIFCKITRKC,1
ANFLPKIFCKITRKC,1
MQIFVKTLTGKTITLEVEPSDTIENVKAKIQDKEGIPPDQQRLIFAGKQLEDGRTLSDYNIQKESTLHLVLRLR,1
YVPKIPKPQPNKPNFPSFPGHGPFNPHASRFPRSPKDNGKIVFDAKKEGGKTQWNVETQQKVWGNKHGSIHVSAGAGKQPGGKPQGQVGIGGSFSWGK,1
YVPKIPKPQPNKPNFPSFPGHGPFNPHASRFPR,1
SPKDNGKIVFDAKKEGGKTQWNVETQQKVWGNKHGSIHVSAGAGKQPGGKPQGQVGIGGSFSWGK,1
QYEALTAAILTKLSKMWHSDTLNFLGHTCHVSRTPTVKRFKLYWKGKFWCPGWAPFSGTSRTKSRSGSAREATKSFVDQALQRRLITQQEADLWLKG,1
FLKDLLFGEAKTALLEDGTTEILDHVCNFRVMPRLRSWELYFRGDVWCPGWTVIKGESLTRSRTRVVNKAVADFAQKALAQGLITQEDAQPLLE,1
ASFDISSFISTTADTVIKRLYVDREINLFDHYCIISRSPHISRWELKWQATVTCPGWTPVKGKVRGYSNPLSAEREATRDFVQRIVQRGLVTRDEASEWL,1
GWLDIVKAIVVPAARETIKTQEITLLDHYCTLSRSPYIKSLELHYRAEVTCPGWTIIRGRGSNHRNPTNSGKDALKDFMTQAVAAGLVTKEEAAPWLNHR,1
QYEALVTSILGKLTGLWHNDSVDFMGHICYFRRRPKIRRFKLYHEGKFWCPGWAPFEGRSRTKSRSGSSREATKDFVRKALQNGLVTQQDASLWLNN,1
QYEALVTSILGKLTGLWHNDSVDFMGHICYFRRRPKIRRFKLYHEGKFWCPGWAPFEGRCKYCVVF,1
TDTNVIGECFDEWSRCHRQTRWWTKILFQSCENRCKCKVQLMGNCIKVPFKCFLWKQKRFMCECYGPISGTKPWYCGWEL,1
MLWSASMRIFASAFSTRGLGTRMLMYCSLPSRCWRK,1
GAFGNFLKGVAKKAGLKILSIAQCKLSGTC,1
GAFGNFLKGVAKKAGLKILSIAQCKLFGTC,1
KFCEKPSGTWSGVCGNSGACKDQCIRLEGAKHGSCNYKPPAHRCICYYEC,1
KFCEKPSGTWSGVCGNSGACKDQCIRLEGAKHGSCNYKLPAHRCICYYEC,1
SRSGRGSGKGGRGGSRGSSGSRGSKGPSGSRGSSGSRGSKGSRGGRSGRGSTIAGNGNRNNGGTRTA,1
KICERASGTWKGICIHSNDCNNQCVKWENAGSGSCHYQFPNYMCFCYFDC,1
KICERASGTWKGICIHSNDCNNQCVKWENAGSGSCHYQFPNYMCFCYFNC,1
LMCTHPLDCSN,1
DFGCARGMIFVCMRRCARMYPGSTGYCQGFRCMCDTHIPIRRPPFIMG,1
RRIRPRPPRLPRPRPRPLPFPRPGPRPIPRPLPFPRPGPRPIPRPLPFPRPGPRPIPRP,1
PIPRPLPFPRPGPRPIPRPLPFPRPGPRPIPRP,1
PLPFPRPGPRPIPRPLPFPRPGPRPIPRP,1
PLPFPRPGPRPIPRP,1
RRIRPRPPRLPRPRPRPLPFPRPG,1
RRIRPRPPRLPRPRPRP,1
RRIRPRP,1
PRPPRLPRPRPRPLPFPRPG,1
PPRLPRPRPRPLPFPRPG,1
RLPRPRPRPLPFPRPG,1
RYCERSSGTWSGVCGNSGKCSNQCQRLEGAAHGSCNYVFPAHKCICYYPC,1
PRPRPRPLPFPRPG,1
PRPRPLPFPRPG,1
PRPLPFPRPG,1
QKLCERPSGTWSGVCGNNNACRNQCINLEKARHGSCNYVFPAHKCICYFPC,1
RYCERSSGTWSGVCGNTDKCSSQCQRLEGAAHGSCNYVFPAHKCICYYPC,1
QKLCERPSGTWSGVCGNNGACRNQCIRLERARHGSCNYVFPAHKCICYFPC,1
RRSRRGRGGGRRGGSGGRGGRGGGGRSGAGSSIAGVGSRGGGGGRHYA,1
MLCKLSMFGAVLGVPACAIDCLPMGKTGGSCEGGVCGCRKLTFKILWDKKFG,1
RMCKTPSGKFKGYCVNNTNCKNVCRTEGFPTGSCDFHVAGRKCYCYKPCP,1
LLRHVVKILEKYL,1
GFLDIIKDTGKEFAVKILNNLKCKLAGGCPP,1
MEKKSFAGLCFLFLVLFVAQECVLQTEAKTCENLADTFRGPCFATGNCDDHCKNKEHLLRGRCRDDFRCWCTRNC,1
RTCESQSHRFKGTCVRQSNCAAVCQTEGFHGGNCRGFRRRCFCTKHC,1
TYMPVEEGEYIVNISYADQPKKNSPFTAKKQPGPKVDLSGVKAYGPG,1
MPVGIVIAPKKSPFTAKKPGPVLSGVKAGPG,1
GIGRKFLGGVKTTFRCGVKDFASKHLY,1
PKRKAEGDAKGDKAKVKDEPQRRSARLSAKPAPPKPEPKPKKAPAKKGEKVPKGKKGKADAGKEGNNPAENGDAKTDQAQKAEGAGDAK,1
KTCMTKKEGWGRCLIDTTCAHSCRKQGYKGGNCKGMRRTCYCLLDC,1
YVRTCMIKKEGWGKCLIDTTCAHSCKNRGYIGGDCKTCYCLVNC,1
SSMKLSFRARAYGFRGPGPQL,1
SSMKLSFRARAYGFRGPGLQL,1
SSMKLSFRARAYSFRGPGPQL,1
RSMRLSFRARGYGFR,1
SWLSKTAKKLENSAKKRISEGIAIAIKGGSR,1
SWLSKTYKKLENSAKKRISEGVAIAILGGLR,1
GIGGALLSAGKAALKGLAKGLAEHFAN,1
FLGLLGSLL,1
FLKLLKKLL,1
QGWEAVAAAVASKIVGLWRNEKTELLGHECKFTVKPYLKRFQVYYKGRMWCPGWTAIRGEASTRSQSGVAGKTAKDFVRKAFQKGLISQQEANQWLSS,1
KPYLKRFQVYYKGRMWC,1
SCTCRRAWICRWGERHSGKCIDQKGSTYRLCCRR,1
IWLTALKFLGKNLGKHLAKQQLAKL,1
RLWLAIKRR,1
RLWLAWKRR,1
FLPILGKLLSGFL,1
FLPILGKLLSGLL,1
GIGSILGVIAKGLPTLISWIKNR,1
GLLNVIKDTAQNLFAAALDKLKCKVTKCN,1
GLLNVIKDTAQNLFAAALEKLKCKVTKCN,1
FKLFKKILKVL,1
YKLFKKILKVL,1
KKLFKKILKKL,1
WKLFKKILKKL,1
SSFSPPRGPPGWGPPCVQQPCPKCPYDDYKCPTCDKFPECEECPHISIGCECGYFSCECPKPVCEPCESPIAELIKKGGYKG,1
GIINTLQKYYARVRGGRAAVLSALPKEEQIGKASTRGRKCARRKK,1
KWCFRVCYRGICYRKCR,1
FKCWRWQWRWKKLGA,1
KWKLFKKIFKCWRWQWRWKKLGA,1
FKCWRWQWRWKKLGAKVFKRLEKLFSKI,1
YPLPFIP,1
FP,1
PF,1
WP,1
PW,1
WF,1
FW,1
GIMDTIKGAAKDLAGQLLDKLKCKITKC,1
FLGAIAGVAAKFLPKVFCFITKKC,1
FLPLIAGVAANFLPKIFCLISKKC,1
FLPVIASVAAKVLPKVFCFITKKC,1
FLPLIAGVAASILPKIFCFITKKC,1
RQIKIWFQNRRMKWKK,1
GFCIPIRCPGHTRQIGTCFGPRVKSCRKW,1
RCPGHTRQIGTSFGPRVKSCRKW,1
KWKLFKKIEKVGQRVRDAVISAGPAVATVAQATALAK,1
SRSELIVHQR,1
GWLKKIGKKIERVGQHTRDATIQTIGVAQQAANVAATLKG,1
WKLLSKAQEKFGKNKSRFKCRRWQWRMKKLG,1
SISCKAGRVGCFASCQVQNCATGYCRGSTCVCSRCGKGTTPFNKFKIWNQLRVLVQKMVDEERA,1
AELRCMCIKTTSGIH,1
ELRCMCIKTTSGIHP,1
LRCMCIKTTSGIHPK,1
RCMCIKTTSGIHPKN,1
CMCIKTTSGIHPKNI,1
MCIKTTSGIHPKNIQ,1
DAPRIKKIVQKKLAG,1
APRIKKIVQKKLAGD,1
PRIKKIVQKKLAGDE,1
RIKKIVQKKLAGDES,1
NLAKGKEESLDSDLYAELRCMCIKTTSGIHPKNIQSLEVIGKGTHCNQVEVIATLKDGRKICLDPDAPRIKKIVQKKLAGDES,1
RRRFVAEQDAIHSRVSREVPTLSDSV,1
RRRFVAQQNAIHSRVSRQVPTLSNSV,1
RRRFVVQQDTISPRLEVDERFLPNSVQEQI,1
RRRFVVQQNTISPRLQVNQRFLPNSVQQQI,1
RRRSVGEEDAIPSHIEVNKFFLRKPAKEHI,1
RRRSVGQQNAIPSHIQVNKFFLRKPAKQHI,1
HRRSVAHQEEASLHVKTDELPSPDTVREQL,1
HRRSVAHQQQASLHVKTNQLPSPNTVRQQL,1
WRKWRKRWWWRKWRKRWW,1
GILDAIKAFANALG,1
GILDPIKAFAKAAG,1
TVSAEESCPPGAVWSTCSNCHAYCKNKDLMCITACQEGCKCTTQGYKIHNNECIPAEKCP,1
RPPQFTRAQWFAIQHISLNPPRSTIAMRAINNYRWRSKNQNTFLR,1
FSRYARMRDSRPWSDRKNNYSGPQFTYPPEKAPPEKLIKWNNEGSPIFEMPAEGGHIEP,1
RECKAQGRHGTCFRDANCVQVCEKQAGWSHGDCRAQFKCKCIFEC,1
RYCLSQSHRFKGLCMSSSNCANVCQTENFPGGECKADGATRKCFCKKIC,1
HTPTPTPICKSRSHEYKGRCIQDMDCNAACVKESESYTGGFCNGRPPFKQCFCTKPCKRERAAATLRWPGL,1
RHRHCFSQSHKFVGACLRESNCENVCKTEGFPSGECKWHGIVSKCHCKRIC,1
YRGGYTGPIPRPPPIGRPPFRPVCNACYRLSVSDARNCCIKFGSCCHLVK,1
VTCELLMFGGVVGDSACAANCLSMGKAGGSCNGGLCDCRKTTFKELWDKRFG,1
FNKLKQGSSKRTCAKCFRKIMPSVHELDERRRGANRWAAGFRKCVSSICRY,1
LSKYGGECSVEHNTCTYLKGGKDHIVSCPSAANLRCKTERHHCEYDEHHKTVDCQTPV,1
RGGLCYCRGRFCVCVGR,1
FLPFLLSALPKVFCFFSKKC,1
FLPLLLSALPSFLCLVFKKC,1
GIMRVFKGVLKTAGKSVAKNVAGSFLDRLKCKISGGC,1
GLADYWRTAFRANFANLGPGIRCKSARC,1
LALKSGGWLRLFGLKDKKH,1
PM,1
PY,1
LP,1
YRWARWWRR,1
RRWYRWWR,1
GADRCRERCERRHRGDWQGKQRCLMECRRREQEED,1
GSFDFSSLLSSVANTAIKRLFVEREIDLFDHYCVLSRSPHIYSWELKFEATVTCPGWTPEKGRVRGYSSPTSAEREATKDFVQKIVRRGLVTREEASEWL,1
LV,1
KRIVKLILKWLR,1
RRLFRRILRWL,1
KLKLLLKLK,1
RWKIFKKIEKMGGSYCNRRTGKCQRM,1
RKKRLKLLKRLV,1
RKRAARLLKRLV,1
RKRFARFAKRAV,1
KKKAARALKRAL,1
LLIAAFKKLVKK,1
ALAHFLKKAIKK,1
LLIKFLKRFIKH,1
LLIRAAKKFIKK,1
AKVTMTCSAS,1
PKKKRKV,1
GRFRRLRKKTRKRLKKIGKVLKWIPPIVGSIPLG,1
GRFRRLRKKTRKRLKKIGKV,1
DDALKKLLKKLLKKL,1
DDALHHLLHHLLHHL,1
LLKALKKLLKKLL,1
LRFLKKILKHLF,1
LRALAKALKHKL,1
LKALRKALKHLA,1
KRRLIARILRLAARALVKKR,1
KRKLTLVFGVMAGVIGTKKR,1
KRKLIFLAAFLAALALFKKR,1
KRRLAAFRAFRGALKSVLKK,1
DDALRRLLRRLLRRL,1
DDALKHLLKHLLKHL,1
DDALRHLLRHLLRHL,1
GLKALKKVFQGIHKAIKLINNHVQ,1
GLKALKKVFKGIHKAIKLINNHVQ,1
GLKALKKVFKGIHKAIKLINKHVQ,1
HPQTNQR,1
RMKKLGNHKVSCERNTKRCRKAI,1
DKPKKKPPPPAGPPPPPPPPPGPPPPGP,1
KIFGAIWPLALGALKNLIK,1
GCKFTVKPYLKRFQVYYKGRMWCG,1
FSLKDLFVPVIKDQVSDLWRTGDIDLVGHSCTYNVKPDIQGFELYFIGSVTCPGWTTLRGESNTRSKSGVVNSAVKDFIQKALKAGLVTEEEAKPHLV,1
GCTYNVKPDIQGFELYFIGSVTCG,1
GCRFTVKPYIKRIQLHYKGKMWCG,1
RRWQWR,1
SRWPSPGRPRPFPGRPKPIFRPR,1
SRWPSPGRPRPFPGRPKPIF,1
SRWPSPGRPRPFPG,1
WPSPGRPRPFPGRPKPIFRPR,1
FKCRRWQWRMKKLGA,1
SPGRPRPFPGRPKPIFRPR,1
GRPRPFPGRPKPIFRPR,1
PRPFPGRPKPIFRPR,1
RRRPRPPYLPRPRPPPFFPPRLPPRI,1
HSSGYTRPLRKPSRPIFIRPIG,1
WKWLKKWIK,1
ILRWKWRWWRWRR,1
ILPWKWRWWKWRR,1
FCPRRYKQIGTGLPGTKCK,1
RWRRKWWWW,1
WRKFWKYLK,1
RRWWKWWWR,1
RLWWWWRRK,1
KWKWWWRKI,1
RIRRWKFRW,1
RLKRWWKFL,1
RWWRWRKWW,1
KRWWWWRFR,1
KRWWRKWWR,1
RRWWRWVVW,1
WFKMRWWGR,1
KFKWWRMLI,1
FIKWKFRWWKWRK,1
RIKRWWWWR,1
RWRWWWRVY,1
HQFRFRFRVRRK,1
LKRRWKWWI,1
RRRIKIRWY,1
RLWWKIWLK,1
KRRWRIWLV,1
FFIYVWRRR,1
IRMRIRVLL,1
RWWRKIWKW,1
LRFILWWKR,1
RWWIRIRWH,1
RRRWWKLMM,1
LRRWIRIRW,1
RKFRWWVIR,1
WKIVFWWRR,1
RQRRVVIWW,1
RRWRVIVKW,1
RRWKIVVIRWRR,1
RLWRIVVIRVKR,1
RLRRIVVIRVFR,1
RRYHWRIYI,1
RKWKIKWYW,1
YRLRVKWKW,1
WKWRVRVTI,1
RTKKWIVWI,1
NWRKLYRRK,1
YKFRWRIYI,1
KRKKRFKWW,1
RVVRQWPIGRVVRRVVRRVVRL,1
RVVRQWPIGRVVRRVVRRVVRF,1
RVVRQWPIGRVVRRVVRRVVRY,1
RWKRWWRRKK,1
FPVTWPTKWWKG,1
KPKGMTSSQWFKIQHMQPSPQASNSAMKNINKHTKRSKDLNTFLH,1
RGVRPVVQGVKEKVR,1
RVVRPVVQGVKEKVR,1
RVVRPVVQGVKQKVR,1
RVVRPVVQVVKEKVR,1
RVVRPVVQVVKQKVR,1
RIIRPIIQIIKQKIR,1
RLLRPLLQLLKQKLR,1
WY,1
WI,1
WL,1
IKKILSKIKKLLK,1
GFPY,1
RAGLQFPVGKLLKKLLKRLKR,1
LVKKLLKLAMGFG,1
IKKIVSKIKKLL,1
IKKIVSKIKKLLK,1
IKKIVSKIKKVLK,1
GFGKALKLLKKVL,1
VAIALKAAHYHTHKE,1
ECKFTVKPYLKRFQVYYKGRMWCP,1
KHVGKAALTHYL,1
GLLKKIKKLL,1
GLLKKIKWLL,1
GLLKWIKKLL,1
GLLKFIKKLL,1
GLLKFIKWLL,1
GFCWNVCVYRNGVRVCHRRCN,1
GFCWYVCVYRNGVRVCYRRCN,1
KLKKKLKKLLKK,1
KLKKLLKKLLKK,1
KLKKLLKKLLKL,1
LLKKLLKKLLKL,1
LLKKLLKLLLKL,1
RWRLLLLKKH,1
ELDRICGYGTARRKKCR,1
ELDRIGYGTARCRKKCR,1
ELDRICGYGTARCRKKR,1
ELCDRICGYGTARCRKKCR,1
ELCCDRIGCYTARCRKKRSCCL,1
KRSQEYRIGRCPNTYACLKR,1
RR,1
KESRAKKFQRQHMDSDSSPSSSSTYSNQMMRRRNMTQGRSKPVNTFVH,1
KPPQFTWAQWFETQHINMTSQQSTNAMQVINNYQRRSKNQNTFLL,1
QDGMYQRFLRQHVHPEETGGSDRYSNLMMQRRKMTLYHSKRFNTFIH,1
QDNSRYTHFLTQHYDAKPQGRDDRYSESIMRRRGLTSPSKDINTFIH,1
WPKRLTKAHWFEIQHIQPSPLQSNRAMSGINNYTQHSKHQNTFLH,1
KPKDMTSSQWFKTQHVQPSPQASNSAMSIINKYTERSKDLNTFLH,1
KWKLWKKIEKWGQGIGAVLKWLTTWL,1
FLAKAVAKAAAKALAKAL,1
KAGLAFPVGRVHRLLRK,1
GLARGLREASKALDR,1
GLAKGIKEAAKALDKAL,1
WCRRLCYKQRCVTYCRGR,1
LLFGKIISRLLGN,1
GWLDVAKKIGKAAFNVAKNFI,1
GLARALTRLLRQLTRQLTRA,1
GWLDVAKKKGKAAFNVAKNFI,1
KFFKKLKNSVKKRAKKFFKKPRVIGVSIPF,1
RCPGRTRQIGTIFGPRIKCRSW,1
FLSLIPHAINAVSTLVHHF,1
KKVVFWVKFK,1
GG,1
GP,1
KWFKRLEKLFSKI,1
CVLIGQRCDNDRGPRCCSGQGNCVPLPFLGGVCAV,1
KKK,1
SLGNFFRKARKKIGEEFKRIVQRIKDFLQHLIPRTEA,1
DLRGACAAAHAL,1
SPEEARVKILTAIPEMREEDLSEE,1
SRSELIVHQRRC,1
SRSELIVHQRMK,1
SRSELIVHQRLF,1
FLPVLGKVIKLVGGLL,1
FLPLLFGALSTLLPKIF,1
FLPLLVGAISSILPKIF,1
TLIWEFYHQILDEYNKENKG,1
FLPGLIKVAVGVGSTILCKITKKC,1
FLPGLIKAAVGIGSTIFCKISRKC,1
SILSTLKDVGISAIKSAGSGVLSTLLCKLNKNC,1
SILSTLKDVGISALKNAGSGVLKTLLCKLNKNCEK,1
FLPFVGKLLSGLL,1
FLPMLAGLAANFLPKIICKITKKC,1
FLPIVASLAANFLPKIICKITKKC,1
FLPPSPWKETFRTT,1
NILSSIANGINRALSFFG,1
GFMDTAKNVAKNVAKNVAVTLLDKLRCKVTGGC,1
SIMSTLKQFGISAIKGAAQNVLGVLSCKIAKTC,1
GIFSLIKTAAKFVGKNLLKQAGKAGLEHLACKANNQC,1
AVIPPLRCKAAFC,1
FLPLFLPKIICEITKKC,1
GLWNTIKEAGKKFALNLLDKIRCGIAGGCKG,1
GFMDTAKNVFKNVAVTLLDKLKCKIAGGC,1
GILDTLKQLGKAAAQSLLSKAACKLAKTC,1
KRRPAKAWSGRRTRLCCHRVPSPNSTNLKGHHVRLCKPCKLEPEPRLWVVPGALPQV,1
ATCDLLSGTGVGHSACAAHCLLRGNRGGYCNGKGVCVCRN,1
ATCDLLSGFGVGDSACAAHCIARRNRGGYCNAKKVCVCRN,1
LRLKSIVSYAKKVL,1
KLLKWWKKLL,1
VTCDLLSAEAKGVKVNHAACAAHCLLKRKRGGYCNKRRICVCRN,1
FLFSLIPSVIAGLVSAIRN,1
FLFSLIPSAIAGLVSAIRN,1
FLFKLIPKVIKGLVKAIRK,1
FLFKLIPKAIKGLVKAIRK,1
GSCGASIAEFNSSQILAKRAPPCRRPRLQNSEDVTHTTLP,1
GSCGAPISKYDFQVLAKRPPPCRRPRLENTEDVTHTTRP,1
KFFKRLLKSVRRAVKKFRKKPRLIGLSTLL,1
KFFARLLASVRAAVKKFRKKPRLIGLSTLL,1
AFFARLLASVRAAVKAFAKKPRLIGLSTLL,1
LKKLKGRVSRSFLFFVKLRPAKRTLKKRIL,1
GRRRRSVQWCAVSQPEATKCFQWQRNMRKVRGPPVSCIKRDSPIQCIQA,1
GWLRDFGKRIERVGQHTRDATIQAIGVAQQAANVAATVRG,1
GWLKKIGKKIERVGQHTRDATIQVLGVAQQAANVAATARG,1
GWLKKIGKKIERVGQHTRDASIQAIGIAQQAANVAATARG,1
GLVKKIGKKIERVGQHTRDASIQAIGIAQQAANVAATARG,1
GWLKKFGKKIERVGQHTRDATIQAIGVAQQAANVAATLKG,1
HHHHRFGKIGHELHKGVKKVEKVTHDVNKVTSGVKKVASSIEKAKNV,1
HHHFGRIGHELHKGVKKVEKVTSDVNKVTNGVKQVANGIAKAKTVIEAGSIAGAVAAAAA,1
HHLFGKVGREIERSAHKVGHKLEHVRHEVSKTAKKVDKVVGHIKTAKKVVAAAGAIAGVVAAA,1
HHHLFGHVGHEVERSLHKVGHKLEHACHEVHKTAKKVQK,1
AGFRKRFNKLVKKVKHTIKETANVSKDVAIVAGSGVAVGAAMG,1
GFRKRFNKLVKKVKHTIKETANVSKDVAIVAGSGVAVGAAMG,1
QHGYGAGGHGQQGYGSQHSSHAPQGGHVVREQGFSGHVHEQQAGHHHEAGHHEQAGHHEQSGQQVHGQGHGYKSHGY,1
EWRPHGSNGGSSLRPGRPQTLPPQRPIQPDFNGPRQRF,1
EWRPHGSIGGSGLRPGRPQTLPPQRPRRPDFNGPRHRF,1
SPFVDRPRRPIQHNGPKPRIITNPPFNPNARPAW,1
SWIKKDKFPSSTGPYNPNPPPPRF,1
KACPRNCDTDIAYMVCPSSGERIIRKVCTNCCAAQKGCKLFRSNGSIKCTGT,1
FFSLIPSLVGGLISAFK,1
FLKGIVGMLGKLF,1
FFPIVAGVAGQVLKKIYCTISKKC,1
RWKIFKKIEKVGRNVRDGIIKAGPAVAVVGQAATVVK,1
HLNKRVQRELIGWLDWLK,1
DNRMVNHFVQEFKRKHKK,1
SQRQATKDAGVIS,1
RARFEELNMDLFRR,1
DHYNCVSSGGQCLYSACPIFTKIQGTCYRGKAKCCK,1
ACPIFTKIQGTYRGKAKRIGRRIC,1
SGPNGQCGPGWGGCRGGLCCSQYGYCGSGPKYCAH,1
VGPGGECGGRFGGCAGGQCCSRFGFCGSGPKYCAH,1
GYYCPFRQDKCHRHCRSFGRKAGYCGNFLKRTCICVKK,1
CGNFLKRTCICVKK,1
GYFCPYNGYCDHHCRKKLRWRGGYCGGRWKLTCICVRG,1
GFFCPYNGYCDRHCRKKLRRRGGYCGGRWKLTCICIMN,1
GFGCPLNQGACHNHCRSIKRRGGYCSGIIKQTCTCYRK,1
CSGIIKQTCTCYRK,1
GFGCPKSALSCSQQCRENNTHSGGYCNGPFNIVCSCY,1
CNGPFNIVCSCY,1
VPAESEAAHLRVRRGFGCPLNQGACHNHCRSIRRRGGYCSGIIKQTCTCYRN,1
FIGALLRPALKLLA,1
FIGALLGPLLNLLK,1
FLPGLIKAAVGVGSTILCKITKKC,1
FLPGLIKAAVGIGSTIFCKISKKC,1
KWKKPLLKKLLKKL,1
GLLSGILGAGKRIVCGLSGLC,1
GIFSKFAGRGLKNLFMKGAKKIGKEVGMDVLRTGIDIAGCKIRGEC,1
FLPAVLRVAAKVGPAVFCAITQKC,1
RFCFKGTPCG,1
FFPLIAGLAARFLPKIFCSITKRC,1
GIFSKFAGKGLKNLFMKGAKTIGKEVGMDVLRTGIDIAGCKIKGEC,1
GLLSGILGAGKKIVCGLSGLC,1
FLPGLECVSGKIVPTVFCAITRIC,1
VIPFVASVAAEMMQHVYCAASKRC,1
SFLSTFKKLAIDAAKNAGQSVLHTLTCKLDNQC,1
GIFSKFVGKGLKNLFMKGAKTIGREVGMDVLRTGIDIAGCKIKGEC,1
FFPSIAGLAAKFLPKIFCSITKRC,1
LPFFLLSLIPSAISAIKKI,1
FFLLSLIPSAISAIKKI,1
FWGFLGKLAMKAVPSLIGGNKSSSK,1
FWGFLGKLAMKAVPSLIGGNKK,1
SPAIWGCDSFLGYCRLACFAHEASVGQKECAEGMLCCIPNVF,1
TTGRQRSSHSESSDSEVHSEASPTHSGHTHSQAGSRHGQSGSSGHGRQGTTHGQTGDTTRHAHYGYGQSTQRGSR,1
TTGRRGSGHSESSDSEVHSWGSHTHSGHIQGQAGSQQRQPGSTVHGRLETTHGQTGDTTRHGHSGYGQSTQTGSR,1
SSRASHFQSHSSERQRHGSSQVWKHGSYGPAEYDYGHTGYGPSGGSRKSISNSHLSWSTDSTANKQLSRH,1
GSRTTGRRGSGHSESSDSEVHSWGSHTHSGHIQGQAGSQQRQPGSTVHGRLETTHGQTGDTTRHGHSGYGQSTQTGSRSSRASHFQSHSSERQRHGSSQVWKHGSYGPAEYDYGHTGYGPSGGSRKSISNSHLSWSTDSTANKQLSRH,1
GIGGALLNVGKVALKGLAKGLAEHFAN,1
FLGLLGGLL,1
FLGLIGSLL,1
WRWRWR,1
WRWR,1
GLLSGLKKVGKHVAKNVAVSLMDSLKCKISGDC,1
KWKLFKKIGIGKFL,1
KKKKWKLFKKIGIGKFL,1
KWKLFKKIGIGKFLKKK,1
KWKKKKKKPKFL,1
DSHAKRHHGTKRKFHEKHHSHRGT,1
NPFKKLERVGQHIRDGIIKAGPAVEVIGQANSIARPAGK,1
KGFKKIEKLGRHIRDGVVKAGPAVGVVGQASSIMG,1
LIQRGRFGRFLGRIRRFRPRINFDIRARGSIRLG,1
FLGMLLHGVGHAIHGLIHGKQNVE,1
RGRKVVRRKK,1
ALLKLAPRLLAGIF,1
KLLNLLPGLLAGIF,1
LLNSGVKLGTKLLSGLLN,1
ACDFQQCWVTCQRQYSINFISARCNGDSCVCTFRT,1
WFWKWWRRRRR,1
RKWVWWRNR,1
GQALNKLMPKIVSAIIYMVGQPNAGVTFLGHQCLVESTRQPDGFYTAKMSCASWTHDNPIVGEGRSRVELEALKGSITNFVQTASNYKKFTIDEVEDWIASY,1
VKRFKKFFRKFKKSV,1
VKRWKKWWRKLKKSV,1
VKRWKKFWRKWKKWW,1
VKRWKKWRWKWKKWV,1
VKWRWKKWRWKWKWKV,1
VKWRWKWKWRWKWKWKV,1
HTASDAAAAAALTAANAAAAAAASMA,1
AGLQFPVGRIGRLLRK,1
VDRGWGNGCGLFGKGG,1
VARGWGNGCGLFGKGG,1
VARGWKRKCPLFGKGG,1
AKRLKKLFKKIWNWK,1
FKRLKKLAKKIWNWK,1
AKRLKKLAKKIWKWL,1
WLNALLHHGYKRKFH,1
ALLHHGYKRKFH,1
AKRHHGLNCAKGVLA,1
AKRHHGLNCAKFH,1
WLNAKRHHGYKRKFH,1
GWWRRTVDKVRNAGRKVAGFASKACGALGH,1
DIGKYCGYAHALN,1
WGHKLRSSWNKVKHAVKKGAGYASGACRVLGH,1
RRLDRGGVWNLNVNPGTTGARVWARTK,1
GGVWNLNVNPGTTGARVWARTK,1
GIMSSLMKKLAAHIAK,1
GIMSSLMKKLKAHIAK,1
GIMSSLMKKLAKHIAK,1
GIMSSLMKKLAAHIKK,1
GIMSSLMKKLKKHIAK,1
GIMISLMKKLAAHIAK,1
GIMSSLMKKLAAIIAK,1
GIMSSLMKKLAKIIAK,1
GIMSSLMKKLKKIIAK,1
GIMSSLMKKLAKIIKK,1
GIMSSLMKKLKKIIKK,1
GILSSLLKKLKKIIAK,1
GILKSLLKKLKKIIAK,1
GILSKLLKKLKKIIAK,1
GIWSSLLKKLKKIIAK,1
GILSSWLKKLKKIIAK,1
GILSSLWKKLKKIIAK,1
GKLSSLWKKLKKIIAK,1
GILSSLLKKWKKIIAK,1
GILSSLLKKLKKWIAK,1
GILSSLWKKLKKWIAK,1
GILSSLWKKPKKIIAK,1
AATKPKKAGAEAAPKKPAKKQTKKKPAKKAGGKKKPKRAGAKKAKK,1
GMASLLAKVLPHVVKLIK,1
GMAKLLAKVLPHVVKLIK,1
GMASKLAKVLPHVVKLIK,1
GMASLLAKVLPKVVKLIK,1
GMASLWAKVLPHVVKLIK,1
RIKRFWPVVIRTVVAGYNLYRAIKK,1
RIKRFWPVVIRTVVAGYNLYRAIK,1
RIKRFWPVVIRTVVAGYNLYRAI,1
RIKRFWPVVIRTVVAGYNLYRA,1
RIKRFWPVVIRTVVAGYNLYR,1
RIKRFWPVVIRTVVAGYNLY,1
RIKRFWPVVIRTVVAGYNL,1
RIKRFWPVVIRTVVAGYN,1
RIKRFWPVVIRTVVAGY,1
RIKRFWPVVIRTVVAG,1
RIKRFWPVVIRTVVA,1
RIKRFWPVVIRTVV,1
RIKRFWPVVIRTV,1
RIKRFWPVVIRT,1
RIKRFWPVVIR,1
IKRFWPVVIRTVVAGYNLYRAIKKK,1
KRFWPVVIRTVVAGYNLYRAIKKK,1
RFWPVVIRTVVAGYNLYRAIKKK,1
FWPVVIRTVVAGYNLYRAIKKK,1
WPVVIRTVVAGYNLYRAIKKK,1
PVVIRTVVAGYNLYRAIKKK,1
VVIRTVVAGYNLYRAIKKK,1
VIRTVVAGYNLYRAIKKK,1
IRTVVAGYNLYRAIKKK,1
RTVVAGYNLYRAIKKK,1
TVVAGYNLYRAIKKK,1
VVAGYNLYRAIKKK,1
VAGYNLYRAIKKK,1
AGYNLYRAIKKK,1
LRRLRKWLRRLLKLL,1
VRRVRKWVRRVLKLV,1
FRRFRKWFRRFLKLF,1
ARRARKWARRALKLA,1
RRRRRRRRR,1
VVMKLGKAFVPIGKWKKDGI,1
LKGCWTKSIPPKPCF,1
CWTKSIPPKPCF,1
AALKGCWTKSIPPKPCFGF,1
GCWTKSIPPKPCF,1
LKGCWTKSIPPKPCFGK,1
ALKGCWTKSIPPKPCFGK,1
LKGCWTKSIPPKPCFG,1
LKGCWTKSIPPKPCFGF,1
LKGCWTKSIPPKPCFGG,1
CWTKSIPPKPC,1
CWTKSIPPKPG,1
FLKGCWTKWYSLKPKCPF,1
FFVLKFLLKWAGKVGLEHLACKFKNWC,1
FLKGIKGMLGKLF,1
FLKGIVGKLGKLF,1
FLKGIVGMLGKLL,1
FLKGIKGMLGKLL,1
FLKGIVGMLGKLW,1
GTFIKQQRKQKQQRHHTSGTRKRMAK,1
YPCKLNLKLGKVPFH,1
ASITHVKNRGKYIYMHLKFRKTNVLI,1
KKVWFIFHVCPKLKQRIL,1
NYISFFRKCKNSQST,1
GTKRGKLCRISRLAL,1
LRHKVYGYCVLGP,1
MKTFLRLYRSLINKVLH,1
VGRKHSILNCIPYLKKKKIMRL,1
RMKLNAKKLSFC,1
HNSSKQWSHWLWHNGIRI,1
GMWSKIKETAMAAAKEAAKAAGKTISDMIKQ,1
GMWSKIKNAGKAAAKAAAKAAGKAALDAVSEAI,1
MLLKKLLKKM,1
IEFEKSTESHDIQKRGVTITVKPPFPGCVFYECIANCRSRGYKNGGYCTINGCQCLR,1
AMAINNWVRVPPCDQVCSRSNPEKDECCRAHGHAFHAHCNGGMNCYRR,1
RTCENLADKYRGPCFSGCDTHCTTKENAVSGRCRDDFRCWCTKRC,1
FQWQRNMRKVRGSRRRRG,1
RTCESQSHKFKGPCASDHNCASVCQTERFSGGRCRGFRRRCFCTTHC,1
RTCENLADKYRGPCFSGCDTHCTTKENAVSGRCRGFRRRCWCTKRC,1
RTCENLADKYRGPCFSGCDTHCTTKENAVSGRCRDDFQCWCTKRC,1
GRCRDDFRCWCTKRC,1
GRCRGFRRRCFCTTHC,1
GRCRDDFRC,1
GRCRGFRRRC,1
RDDFR,1
RGFRRR,1
GPCFSGC,1
GPCASDHNC,1
RGARRR,1
RGFARR,1
FLPVIAGVLSKLF,1
RKKRWWRRKK,1
KPV,1
KP,1
PV,1
KPA,1
KPL,1
KT,1
ICHHCI,1
KV,1
KA,1
KF,1
KH,1
KG,1
KL,1
KS,1
KI,1
KY,1
KW,1
PK,1
KD,1
KR,1
TVVRRRGRSPRRRTPSPRRRRSQSPRRRRSQSRESQC,1
TVVRRRGRSPRRRTPSPRRRRSQSPRRRR,1
TVVRRRGRSPRRRTPSPRRRR,1
TVVRRRGRSPRRR,1
GRSPRRRTPSPRRRRSQSPRRRRS,1
RRRTPSPRRRRSQSPRRRRS,1
RRRRSQSPRRRRS,1
GRSPRRRTPSPRRRRSQSPRRRR,1
SPRRRTPSPRRRRSQSPRRRR,1
RRRTPSPRRRRSQSPRRRR,1
SPRRRRSQSPRRRR,1
TVVRRRGRSPRRRTPSPRAARSQSPRAARSQSRESQC,1
GFLDIVKGVGKVALGAVSKLF,1
GFLDVIKHVGKAALGVVTHLINQ,1
GFLDVVKHIGKAALGAVTHLINQ,1
AAKIILNPKFRCKAAFC,1
AAKIILNPKFRCFAAFC,1
AVNIPFKVHLRCKAAFC,1
AVNIPFKVHLRCFAAFC,1
VHLRCKAAFC,1
QQRFEWEFEQQ,1
IFGAIWPLALGALKNLIK,1
DIFGAIWPLALGALKNLIK,1
FLSLIPHIVSGVASLAKHF,1
FLSLIPHIVSGVASLAIHF,1
FLSMIPHIVSGVAALAKHL,1
FLPAALAGIGGILGKLF,1
FVVKKKKKVF,1
FKVKFKVKVK,1
LKVVFKVLFK,1
KKVVFKVKFH,1
HKVVFKVKFH,1
FSFLSRIF,1
FFFLRRIF,1
RYPAVGYT,1
IRIKIRIK,1
INLKILARLAKKIL,1
IRVKIRVKIRVK,1
KRFKKFFKKVKKSV,1
FFSMIPKIATGIASLVKNL,1
FLSMIPKIAGGIASLVKNL,1
FFSMIPHIATGIASLVKNL,1
FLSMIPHIAGGIASLVKNL,1
KKRLKKIFKKPMVIGVTIPF,1
GHK,1
WFN,1
KYR,1
RRRWWW,1
RKLKHMRF,1
KWKWWKWK,1
IKIKIKIK,1
IRIRIRIR,1
WALRLYLVY,1
KKKKKKKKK,1
ILQDIWNGIKNLF,1
IWSFLIKAATKLLPSLFGGGKKDS,1
IWSFLIKAATKLLGVGSLFGGGKKDS,1
IWSFLIKAATKLLPSLFGG,1
GVWDWIKKTAGKIWNSEPVKALKSQALNAAKNFVAEKIGATPS,1
RTCESKSHRFKGPCVSTHNCANVCHNEGFGGGKCRGFRRRCYCTRHC,1
SYVGDCGSNGGSCVSSYCPYGNRLNYFCPLGRTCCRRSY,1
IIRKIIRK,1
VRVKVRVK,1
IRVKIRVK,1
FRFKFRFK,1
WRWKWRWK,1
VRVKVRVKVRVK,1
IRIKIRIKIRIK,1
LRWLRWG,1
LKWLKWG,1
LKFLKFG,1
GHLGRPYIGGGGGFNRGGGFHRGGGFHRGGGFHSGGGFHRGGGFHSGGSFGYR,1
GHLGRPYIGGGGGFNRGGGFHRGGGFHRGGGFQSGGGFHRGGGFHSGGSFGYR,1
KRMGIFHLFWAGLRKLGNLIKNKIQQGIENFLG,1
KRIGLIRLIGKILRGLRRLG,1
KRIRFFERIRDRLRDLGNRIKNRIRDFFS,1
TFKRKNGSRKNGHRPGGYSLIALGNKKVLKAPYMESI,1
KREDFLDQIIRDFRNFIYQKYRRLRDEFRKLRDILSG,1
GIKHILFMAKTKLPRATCTAEIKENCDRKK,1
IWGLIAHGVGHVGRLIHGLIRG,1
FSVTWRWWKWWKG,1
FPVTWGWWKWWKG,1
FPVTFRFFKFFKG,1
FPVTWPTKWWKS,1
FPVTWPTKWRKG,1
FPVTWPTKWWEG,1
FPVTWPTKWLKG,1
MPLSWFFPRTWGKR,1
FPVTWRWWTWWKG,1
FPLTWPTKWWKG,1
FPLTCPTKWWKG,1
FSIARLLKWWKG,1
FPISTLLKWWKG,1
RIPCQYEDATEDTICQQHCLPKGYSYGICVSYRCSCV,1
KIAKVALKALKIAKVALKAL,1
KIAKVALKALKIAKGALKAL,1
FFGRLKSVWSAVKHGWKAAKSR,1
LVVAVTDGEADAAVEGLHDNTDFIHYGSHGKYPDNRPHGYPLD,1
FEVLPNFKHIQVKVFNHGEHIHHH,1
DLWNSIKDMAAAAGRAALNAVTGMVNQ,1
GFGCPLNQGACHNHCRSIRRRGGYCSGIIKQTCTCYRN,1
RWKRWWRWI,1
AFGCPFDQGTCHSHCRSIRRRGERCSGFAKRTCTCYQK,1
GFGCPFDQGACHRHCQSIGRRGGYCAGFIKQTCTCYHN,1
RRKKWFW,1
HRKKWFW,1
RFWWFRRR,1
RRRFWWFR,1
FTCDVLSAEGSFRGVSVKLNHSACATHCLFLKKRGGYCNNKAICVCRN,1
FTCDVLSAEGGFRGVSIKLNHAACAAHCLYLKKRGGYCNDKAVCVCRK,1
FLSLIPHAINAVGVHAKHF,1
FLSLIPHAIKAVGVHAKHF,1
FLSLIPKAIKAVGVKAKKF,1
FLKALWNVAKSVF,1
FLGALWKVAKSVF,1
FLGALWNVAKKVF,1
FLGELWNVAKSVF,1
FLGALWEVAKSVF,1
FLGALWNVWKSVF,1
FLGELWNVWKSVF,1
WWWLKRIW,1
WWWLRKIW,1
WWWLKKIW,1
WWWLRRIW,1
RRR,1
LK,1
RW,1
WR,1
WWK,1
KWI,1
LKK,1
EE,1
LE,1
WE,1
EW,1
KKCKFFCKVKKKIKSIGFQIPIVSIPFK,1
KKCGFFCKLKNKLKSTGSRSNIAAGTHGGTFRV,1
ATYRTGRATRESLSGVEISGRLYRLR,1
SGYLPGKEYVYKYKGKVF,1
FFGTLFKLGSKLIPGVMKLFSKKKER,1
FWSFLVKAASKILPSLIGGGDDNKSSS,1
FIGMIPGLIGGLISAIK,1
FIGMIPGLIGGLISAFK,1
GILGKIWEGVKSLI,1
WGEAFSAGVHRLANGGNG,1
WGRAFSAGVHRLANGGNG,1
WGRAFSAGVHRLARGGRG,1
WGRAFSRGVRRLARGGRG,1
WGRAFRRGVRRLARGGRR,1
WGRAFRRLVRRLARGLRR,1
WLRAFRRLVRRLARGLRR,1
WLRAFRRLVRRLARLLRR,1
INWKKIKSIIKAAMN,1
KKYRYHLKPFSKK,1
KKYRYHLKPFCKK,1
ILSAIWSGIKGLL,1
FLSTIWNGIKGLL,1
FPFLLSLIPSAISAIKRL,1
GSQLVYREWVGHSNVIKP,1
GSQLVYREWVGHSNVIKGPP,1
ISQSDAILSAIWSGIKSLF,1
FFSALLSGIKSLF,1
IFGAIWSGIKSLF,1
FLSTIWNGIKSLF,1
GFWGKLWKPVKKAI,1
GFWGKLLEGVKKAI,1
GFWGKLWEGVKNAIKKK,1
FPFLKLSLKIPKSAIKSAIKRL,1
FFWHHIGHALDAAKRVHGMLSG,1
FFGHLFRGIINVGKHIHGLLSG,1
QPFSLERW,1
MLKKFRGMF,1
CKYLLKWR,1
CKYKAQ,1
CKYKAR,1
CKYKWR,1
CKYRWR,1
CKYLLRWR,1
IKQVKKLFKK,1
GVVDILKGAAKDIAGHLASKVMN,1
WWVAARAARR,1
WMLKKFRGMF,1
AKRHHGYKRKFHAKRHHGYKRKFH,1
AKRHHGYKRKFHAKRHHGYKRKFHAKRHHGYKRKFH,1
GSPE,1
GPE,1
RNGCIVDPRCPYQQCRRPLYCRRR,1
RLNTTFRPLNFKMLRFWGQNRNIMKHRGQKVHFSLILSDCKTNKDCPKLRRANVRCRKSYCVPI,1
MDSFQKIEKIGEGTYGVVYKAKDKVSGRLVALKKIRLENESEGVPSTA,1
SRSEKAGLQFPVGRIGRMLKK,1
LLKKLLKKC,1
CLLKKLLKKC,1
MLLKKLLKKLLKKM,1
LLKKLLKKLLKKC,1
CLLKKLLKKLLKKC,1
ALHKTMLKKLGTMAL,1
ALWKTMLKKLGTMAL,1
ALFKTMLKKLGTMAL,1
ALYKTMLKKLGTMAL,1
ALLKTMLKKLGTMAL,1
KALWKTMLKKLGTMAL,1
DEDLDE,1
GWLDVAKKIGKAAFNVAKNFL,1
FFPMLADLVSKIF,1
FLPLLAGLAANFLPTIICKIARKC,1
GIMDTIKNAAKDVVQSLLNKASCKLAKTC,1
CGYKYGCMVKVDR,1
FFGTKGIFSKVEPIFCKISHSC,1
IVRPPIRCKAAFC,1
FLPLLAGLAAKWF,1
FLPFLAGLFGKIF,1
FLPAIIGMAAKVLPAFLCKITKKC,1
GILMDTFKGAAKNVAGFLLDKLKCKISGGC,1
GAPKGCWTKSYPPQPCFGKK,1
GLWTTIKEGLKKFSLGVLDKIRCKIAGGC,1
FLTGLIGGLMKALGK,1
FFPLVLGALGSILPKVFGK,1
QYRPGSFGPLNQK,1
DYSIRTRLHQESSRNVF,1
DNVYSRPPQRFGQNVIS,1
SFLDKFKDVAIGVAKGAGTGVLKALLCKLDNSC,1
CVVSSGWKWNYKIRCKLTGNC,1
FKTWKNRPILSSCSGIIKG,1
CQWQFISPSRAGCIGP,1
FFPLIPGVRCKILRTC,1
FFLLPIPNDVKCKVLGICKS,1
ILPSKLCRLLGNC,1
FFFHIVKGLFHAGRMIHGLVNRRRHRHGMEELDLDQRAFEREKAFA,1
FFFHIVKGLFHAGRMIHGLV,1
IFGLLLHGAIHVGKLIHGLVRRHGEEQLDDLEQLDKRALDYNPGRPGFD,1
IFGLLLHGAIHVGKLIHGLVRRH,1
FFRHIKSFWKGAKAIFRGARQGWREHRALSKQRKMDQGGGGNEVDNGTPPYWQK,1
FFRHIKSFWKGAKAIFRGARQG,1
FLQHIIGALGHLF,1
FIHHIIGALGHLF,1
FLQHIIGALTHIF,1
FLQHIIGALSHFF,1
NILSSIVNGINRALSFFG,1
NVLSSVANGINRALSFFG,1
KKPKLPWKPKK,1
FRRFFKWFRRFFKFF,1
FRRPFKWFRRFFKFF,1
FRRFFKWPRRFFKFF,1
FRRFFKWFRRPFKFF,1
FRRPFKWPRRFFKFF,1
FRRFFKWPRRPFKFF,1
LLGMIPVAITAISALSKL,1
LLGMIPVAIKAISALSKL,1
LLGMIKVAITAISALSKL,1
RWKRWWRLL,1
KWKRWWWFR,1
KWWRWRRWW,1
RWKKWWRWL,1
KKRWWWWWR,1
RKRWWWWFR,1
IWKRWWWKR,1
RIWKIWWKR,1
IKKRWWWFR,1
IKWKRWWWR,1
KWWKIWRWR,1
RIWKRWWFR,1
RLWKRWWIR,1
GWLKKIGKKIERVGQHTRGLGIAQIAANVAATAR,1
GFVALLKKLPLILKHLH,1
GFVALLKKLPLILKHLP,1
FASGIAGMAGKLF,1
FAKGIAGMAGKLF,1
KRRGSVTTRYQFLMIHLLRPKKLFA,1
RILTMTKRVKMPQLYKQIVCRLFKTC,1
ADMDFTGIAESIIKKIKETNAKPPA,1
YKWKIRFKR,1
KKKK,1
KGKG,1
KGK,1
KEFKRIVQRIKDFLRNLV,1
GIGGALLSAGKSALKGLAKGLAEHFAN,1
IIGPVLGLIGKALGGLL,1
RLLRKFFRKLKKSV,1
FFGWLIKPAIHAGKAIHGLIHRRRH,1
FFGWLIKGAIHAPKAIHGLIHRRRH,1
FFGWLIKGAIHAGKAIHPLIHRRRH,1
FFGWLIKGAIHAPKAIHPLIHRRRH,1
GRKKRRQRRRGGWMWVTNLRTD,1
MAGGKAGKDSGKAKAKAVSRSARAGLQFPVGRIHRHLK,1
KAKAKAVSRSARAGLQFPVGRIHRHLK,1
RSARAGLQFPVGRIHRHLK,1
VGRIHRHLK,1
NLLNDALGTVNGLLGRS,1
NLLNKALGTVNGLLGRS,1
NLLKSALKTVNKLLAAS,1
GIPCGESCVWIPCLTSAIGCSCKSKVCYRN,1
GTLPCGESCVWIPCISSVVGCSCKSKVCYKD,1
GIPCAESCVWIPCTVTALLGCSCKDKVCYLD,1
GLPCGESCVFIPCITTVVGCSCKNKVCYNN,1
GGTIFDCGESCFLGTCYTKGCSCGEWKLCYGTN,1
GLPVCGETCFGGTCNTPGCACDPWPVCTRD,1
GLPVCGETCTLGTCSTQGCTCSWPICKRN,1
GGVCPKILQRCRRDSDCPGACICRGNGYCGSGSD,1
GGVCPKILKKCRRDSDCPGACICRGNGYCGSGSD,1
KLLKFIKKLL,1
RLLKFIKKLL,1
IVPFLLGMVPKLVCLITKKC,1
FLGAIAQALTSLLGKL,1
SMATPHVAGAAALILSKHPTWTNAQVRDRLESTATYLGNSFYYGK,1
FLPIIVFQFLGKIIHHVGNFVHGFSHVF,1
RRGLFKKLRRKIKKGFKKIFKRLPPVGVGVSIPLAGRR,1
TRRKFWKKVLNGALKIAPFLLG,1
TRWLWLLRGGLKAAGWGIRAHLNRNQ,1
GCRRLCYKQRCVTYCRGR,1
GCRALCYKQRCVTYCRGA,1
KCRRLCYRQRCVTYCRGR,1
KCRRYCYRQRCVTYCRGR,1
ASENGKCNLLCLVKKKLRAVGNVIKTVVGKIA,1
RRLRKKTRKRLKKIGKVLKWI,1
RKKTRKRLKKIGKVLKWI,1
TRKRLKKIGKVLKWI,1
RLKKIGKVLKWI,1
GRFRRLRKKTRKRLKKIGKVLKWIPPIVGSIPLGCG,1
FSEAIKKIIDFLG,1
LVKLVAGIKKFLKWK,1
KRRWPWWPWRLI,1
KKLIKVFAKGFKKAKKLFKGIG,1
LIGSLVRGILPLF,1
VTADVLSFEAKGIAVNHSACALHCIALRKKGGSAQNGVCVCRN,1
VTCDVLSFEAKGIAVNHSAAALHCIALRKKGGSCQNGVAVCRN,1
VTCDVLSFEAKGIAVNHSACALHAIALRKKGGSCQNGVCVARN,1
SLLSLIRLLIT,1
SLLSLIRKLLT,1
RTCESQSHRFKGPCARDSNCATVCLTEGFSGGDCRGFRRRCFCTRPC,1
RECKTESHRFKGPCITKPPCRKACISEKFTDGHCSKILRRCLCTKPC,1
RTCESQSNTFPGICITKPPCRKACISEKFTDGHCSKILRRCLCTKPC,1
RECKTESNTFPGICITKPPCRKACLTEGFTDGHCSKILRRCLCTKPC,1
RECKTESNTFPGICITKPPCRKACISEKFSGGDCSKILRRCLCTKPC,1
RECKTESNTFPGICITKPPCRKACISEKFTDGHCRGFRRRCLCTKPC,1
RECKTESNTFPGICITKPPCRKACISEKFTDGHCSKILRRCFCTRPC,1
GFGCPFNARRCHRHCRSIRRRAGYCAGRLRLTCTCVR,1
GFGCPLNQGACHRHCRSIRRRGGYCSGIIKQTCTCY,1
KLLKLLKKLLKLLK,1
APKVNVNALRKGGRVIRKGLGVIGAAGTAHEVYNHVRNRNQG,1
APKVNVNALKKGGHVIKKGLGVIGAAGTAHEVYNHVRNRNQG,1
FLSLIPKIATGIAALAKHL,1
FFSMIPKIAGGIASLVKNL,1
FLSLIPKIAGGIAALAKHL,1
GIGSAILSAGKSIIKGLAKGLAEHF,1
IIGPVLGLVGKALGGLL,1
AIGHCLGATL,1
GLTRLFSVIK,1
ALWKEVLKNAGKAALNEINNLVQ,1
FLSLIPAAISAVSALANHF,1
FLPIVGLLKSLLK,1
EFELDRICCGYGTARCRKKRSQEYRIGRCPNTYACCLRK,1
KVISMI,1
RVMFKWA,1
GSKRWRKFEKRVKKIFEETKEALPVVQGVVAVATAVGRR,1
GSKRWRKFEKKVKKALEDAKEKLQEERVQKIVEHTKEALPVIKAVATVVGVVGRR,1
GSKRWRKFEKRVKKVFEHTKEALPVIQGVATVVGAVGRR,1
GSKRWRKFEKKVKKALEDAKEKLQVSSSTIFFLFKLTFSGGIILLRKNEYRRSSNILKRLYR,1
FLPIVAKLLSGLL,1
FLYIVAKLLSGLL,1
FLPIVAKLLSGLLGRKKRRQRRR,1
FFGSTIGALANFLPSLISKIRN,1
LALRTAGWLRLLGFRDKKKN,1
RRGYGLKLALAKDGWALMLRLGFGRR,1
RRGFSLKLALAKDGWALMLRLGYGRR,1
RRGAGLGLALAKDGWALMLKLGFGRR,1
RRGGGLELALAKDGWALMLDLGAGRR,1
AMWKDVLKKIGTVALHAGKAALGAVADTISQ,1
RCYNGCCRRGYYGGCRCCAHPDEIPDPEYRAEPAYGHP,1
KRK,1
GILDTLKNLAKTAGKGILKSLVNTASCKLSGQC,1
KAK,1
KLK,1
KLIPIASKTCPAGKNLCYKI,1
KLIPILSKTIPAIKNLFYKI,1
KLIWILSKTIPAIKNLFYKI,1
KLIFILSKTIPAIKNLFYKI,1
KLILILSKTIPAIKNLFYKI,1
FLPLLLAGLPSFLCLVFKKC,1
FLPKLLAGLPSFLCLVFKKC,1
FLPLLLAGLPKFLCLVFKKC,1
KRFKKFFRKIKKGFRKIFKKTKIFIGGTIPI,1
KRNGFRKFMRRLKKFFAGGGSSIAHIKLH,1
KRFQNFFRELEKKFREFFRVYRITIGATIRF,1
TRSRWRRFIRGAGRFARRYGWRIALGLVG,1
SPPQAMGFPPQVNVEHYIPASYSVAALTVTEEE,1
RAAPQRRLRAMARLKKFAEAGGADPDSGGLRARFPER,1
RRIRFRPPYLPRPGRRPRFPPPFPIPRIPRIP,1
RRIPFWPPNWPGPWLPPWSPPDFRIPRILRKR,1
FLFSLIPSAISGLISAFKGRRKRDLN,1
FLFSLIPSAISGLINAFK,1
NLVSALIEGRKYLKNVLKKLNRLKEKNKAKNSKENN,1
NLVSALIEGRKYLKNVLK,1
KLNRLKEKNKAKNSKENN,1
NVLKKLNRLKEKNKAKNSKENN,1
GFLEKLKTGAKDFASAFVNSIKGT,1
GFLEKLKKGAKDFASALVNSIKGT,1
GFLEKLKTGAKDFASAFVNSIK,1
GFLLKLKLGAKLFASAFVNSIK,1
LIPFPFP,1
FYPFG,1
PIPFPPY,1
PLAI,1
GKILKYLLYLLRKYANLIIR,1
IKLRNVLKYLFRIDVIKEDIL,1
IVNHLVKLFDKGLNSIVNLR,1
GSLHGFMYKYLKNMVLNLF,1
LHRLVKLVAALLRGYASKVDTH,1
GLLFKELQKLIRYQIFIGK,1
GSLHGFMYKYLKNMVLTLF,1
KVLSKVHTLLKAVLAL,1
GAKLAKKQVRALGKFFSF,1
GLYNFIKVLGRTVFGLYKQF,1
GSLHGFMYRYLKNMVLNLF,1
GSLHGFMYKYLKTLVLRLY,1
FFGHIWHGARTLFRDVFA,1
FFYNVIKIYGNMAGRISK,1
GFKLGRKLVKVFKWII,1
ANRLLEAYKMLLKFLGNLR,1
VALRLAKEVIKVQQGW,1
RVLKDVESALRESVANWKIVIG,1
LIKVVNHVQYNVTLHWHGIR,1
GIVLKDLFSEKLRRYKIVIG,1
LLDKLKRTLLSIEAVLI,1
FFSLIPKLVKGLISAFK,1
FFKLIPKLVKGLISAFK,1
AFTHRRSYSTEYRYGTTVRGIRHRFL,1
AFTHCRRSYSTEYSYGTCTV,1
AFTRCRRSYSTEYSYGTCTV,1
AFTRRRSYSTEYSYGTTV,1
ELDRIGYGTARRKKR,1
VSGPAGPPGTH,1
VRLRIRVA,1
WRWRVRVWR,1
AAAAAAAAAK,1
RGRKYYRRKK,1
CRWRWKCCKK,1
SRWRWKSSKK,1
MDVFMKGLSKAKEGVVAAAEKTKQGVAEAAGKTKEGVLYVGSKTKEGVVHGVATVAEKTK,1
EQVTNVGGAVVTGVTAVAQKTVEGAGSIAAATGFVKKDQLGKNEEGAPQEGILEDMPVDPDNEAYEMPSEEGYQDYEPEA,1
MDVFMKGLSKAKEGVVAAAEKTKQGVAEAAGKTKEGVLYVGSKTKEGVVHGVATVAEKTKEQVTNVGGAVVTGVTAVAQKTVEGAGSIAAATGFV,1
KKDQLGKNEEGAPQEGILEDMPVDPDNEAYEMPSEEGYQDYEPEA,1
MDVFMKGLSKAKEGVVAAAEKTKQGVAEAAGKTKEGVLYVGSKTKEGVVHGVATVAEKTKEQVTNVGGAVVTGVTAVAQKTVEGAGSIAAATGFVKKDQLGKNEEGAPQEGILEDMPVDPDNEAYEMPSEEGYQDYEPEA,1
KWRRKLKKLRPKKKRKV,1
KWRRKLKKLR,1
AWRRKLKALAPAKKAKV,1
RKKRRQRRRRKKRRQRRR,1
FLSLIPHAINAVSALANHG,1
GSAQPYKQLHKVVNWDPYG,1
ASEELLLRFQATSSGPILREEFE,1
EQEENVVKIQAFWKGYKQRKEYM,1
DNTDSVVKIQSWFRMATARKSYL,1
DHNNEIVKIQSLLRANKARDDYK,1
ANVGFVIQLQARLRGFLVRQKFA,1
TWLPAVIKIQAHWRGYRQRKIYL,1
ANLDAIIKIQAWARMWAARRQYL,1
KNVNSIVKIQAFFRARKAQDDYR,1
RLKLLLLLRLK,1
RLKLLLLRLK,1
RLKLLLRLK,1
GLFRRLRDSIRRGQQKILEKARRIGERIKDIFR,1
RGGCLCYCRRRFCVCVCR,1
TVKCGMNGKMPCKHGAFYTDTCDKNVFYRCVWGRPVKKHCGRGLVWNPRGFCDYA,1
SCASRCKGHCRARRCGYYVSVLYRGRCYCKCLRC,1
GCASRCKAKCAGRRCKGWASASFRRRCYCKCFRC,1
KKIGKKIERVGQHTRDATIQTIAVAQQAANVAATLKG,1
LGDFFRKSKEKIGKEFKRIVQRIKDFLRNLAKRHHGYKRKFH,1
ALGDFFRKSKEKIGKEFKRIVQRIKDFLRNLAKRHHGYKRKFHLEY,1
FLSLIPKIAGGIASLVKNL,1
FLSLIPKIAGGIASLVKDL,1
FLSLIPHIATGIAALAKHL,1
FFSMIPKIATGIASLVKDL,1
GLVSGLLNSVTGLLGNLAGGGL,1
FFRNLWKGAKAAFRAGHAAWRA,1
SLLPLIRKLIT,1
GFGCPLNERECHSHCQSIGRKFGYCGGTLRLTCICGKE,1
LKLLKKL,1
LRLLRRL,1
LHLLHHL,1
LHWLHHL,1
LKWLKKL,1
LRWLRRL,1
RLLSLIRKLIT,1
SFLSLIRKLIT,1
SLLSLFRKLIT,1
SLLSLFRKLI,1
LEYWGKCTKAENRCKYKNDKGKDVLQNCPKFDNKKCTKDGNSCKWDSASKALTCY,1
IATSPYYACNCPNNCKHKKGSGCKYHSGPSDKSKVISGKCEWQGGQLNCIAT,1
KYHSGPSDKSKVISGKCEWQGGQLNCIAT,1
IATSPYYACNCPNNCKHKKGSGC,1
IAGAHKCKPCYGYKTNSCCNSPN,1
GKCEWQGGQLNCIAT,1
NNCKHKKGSGC,1
CCNKGKNKGSH,1
KYHSGPSDKSKVIS,1
IATSPYYACNCP,1
ALWKDILKNAGKAALNEINQIVQ,1
ALWKKILKNAGKAALNKINQIVQ,1
ALWKDILKNLLKAALNEINQIVQ,1
GNPLKLFLPSTWVHFFKFLR,1
AWCFRVCYRGICYRRCR,1
KACFRVCYRGICYRRCR,1
KWAFRVCYRGICYRRSR,1
KWCARVCYRGICYRRCR,1
KWCFAVCYRGICYRRCR,1
KWCFRACYRGICYRRCR,1
KWCFRVAYRGISYRRCR,1
KWCFRVCARGICYRRCR,1
KWCFRVCYAGICYRRCR,1
KWCFRVCYRAICYRRCR,1
KWCFRVCYRGACYRRCR,1
KWCFRVSYRGIAYRRCR,1
KWCFRVCYRGICARRCR,1
KWCFRVCYRGICYARCR,1
KWCFRVCYRGICYRACR,1
KWSFRVCYRGICYRRAR,1
KWCFRVCYRGICYRRCA,1
KWAFRVCYRGICYRRAR,1
KWCFRVAYRGIAYRRCR,1
KWAFRVAYRGIAYRRAR,1
KWCFRRCYAGICYRRCR,1
RWCFRVCYRGICYRRCR,1
KWCGRVCYRGICYRRCR,1
KWCSRVCYRGICYRRCR,1
KWCFRVCGRGICYRRCR,1
KWCFRVCYRGGCYRRCR,1
KWCARVCARGACYRRCR,1
KWCFVCYRGICYRRCG,1
AWCARVCYRGICYRRCR,1
AWCFRVCARGICYRRCR,1
AWCFRVCYRGACYRRCR,1
KWCFRVCYAGICYRRCA,1
ALWKDLLKNVGKAAGKAVLNKVTDMVNQ,1
ALWKSLLKNVGKAAGKAALNAVTDMVNQ,1
ALWKSLLKNVGKA,1
GRKKRRQRRRGALWKSLLKNVGKA,1
SLQPGAPNFPIPGQEKQEGWKFDPSLTRGEDGNTLGSINIHHTGPNHEVGANWDKVIRGPGKAKPTYSIHGSWRW,1
SLQPGAPKLPYAWSRKQEGWKFDPSLTRGEDGNTLGSINIHHTGRNHEVGANWNKVIRGPGKAKPTYSIHGSWRW,1
IKRLNSWLRK,1
WIKRLNSWLRK,1
DSEGWKVQPNINRDQDGNTAGSVRVQKQLGNHEVHAGASRVFSGPNRGGPSYNVGATFNW,1
GSWIKRLNSWLRK,1
FLGAVLKVAGKLVPAAICKISKKC,1
FLGAVLKVAGKLVPAAI,1
FLGAVLKVCKISKKCAGKLVPAAI,1
GLNALKKVFQKIHEAIKLINNHVQ,1
GLNALKKVFQKIHEAIKKINNHVQ,1
WLNALKKVFQGIHEAIKLINNHVQ,1
WLNALKKVFQGIHEAIKLIWNHVQ,1
WLNALKKVFQGIHEAIKLIWNWVQ,1
WLNALKKVWQGIHEAIKLIWNWVQ,1
GLNALKKVSQGIHEAIKLINNHVQ,1
GLNALKKVSQGIHESIKLINNHVQ,1
ALNALKKVSQGIHEAIKLIANHVQ,1
LNALKKVFQGIHEAIKLI,1
LNALKKVFQKIHEAIKLI,1
LNALKKVFQGIHEAIKKI,1
LNALKKVFQKIHEAIKKI,1
GLNALKKVFQGIHEAIKKINNHVQ,1
LSKYGGQCSLKHNTCTYLKGGRNVIVNCGSAANKRCKSDRHHCEYDEHHRRVDCQTPV,1
LSKYGGQCSLKHNTCTYLKGGRNVIVNCPWFWNKKRCKSDRHHCEYDEHHRRVDCQTPV,1
FRLMLRLLRW,1
MARVLLRLIRL,1
RFPGLMMKLLV,1
RFPKLMMKLLV,1
KLVKTQLKVLK,1
KLVKTWLKVLK,1
MKLVKTWLKVLK,1
WLWKAIWKLLT,1
WLWKAIWKLLK,1
TQQAFQKFLAAVTSALGKQYH,1
GRPSPSPSCRSWCKRPGHPEKNAFYCCDFGIGTVGKPFATHPGKCPHRPICPEGLYTRGPAPTVCAHDGQCSKHEKCCADACLEHHTCLLADP,1
LLWIALRKK,1
RRRR,1
PRRR,1
RNCTWLFSTKLKLPA,1
ADSGEGDFLAEGGGVR,1
ALWKTMLKKLGTVALHAGKAALGAVADTISQ,1
GIGGALLSFGKSALKGLAKGLAEHF,1
LLGPVLGLVSNVLGGLL,1
EGLEPG,1
LNLKKILGKIGVMLSHLN,1
HKK,1
HKKHKK,1
HKKHKKHKK,1
HKKHKKHKKHKK,1
HKKHKKHKKHKKHKKHKK,1
HKKHKKHKKHKKHKKHKKHKKHKK,1
KKFFRAWWAPRFLK,1
KKFFRAWWARRFLK,1
GIMDTVKNAAKNLAGQLLDKLKCKITAC,1
GIMDTVKNAAKNLAGQLLDKLK,1
GIMDTVKNAAKNLAGQLLDKLKCSITAC,1
CPAIQRCC,1
NIQPPCRCC,1
AIQRCC,1
VGTDFSGNDDISDVQK,1
GLLSGILGAGKKIV,1
GLLSGILGAGKKIVF,1
FLRSLLRGAKAIYRGARAGWRG,1
QKDDEEESRFFFNFIFSAE,1
VLLVTLTRLHQRGVIYRKWRHFSGRKYR,1
SVAGRAQGM,1
HSDGIFTDSYSRYRKQMAVKKYLAAVLGRRYRQRFRNK,1
DVIVVGAGIMGSSAAYQLAKRGQKTLL,1
VLVPQGFAVVKKANFVAFYT,1
AGDKKIKIGINGFGRIGRL,1
GKVKIGINGFGRIGRLVA,1
PMPVSQECFETLRGHERILSILRHQNLLKELQDLALQGAKERAHQQ,1
ERILSILRHQNLLKE,1
LQDLALQGAKERAHQQ,1
ALQGAKERAHQQ,1
GAKERAHQ,1
FLSLIPAAISAVSALANH,1
FLSLLPHIASGIASLVSKF,1
GACHRQGFGFACFCYKKC,1
GSCNYVFPAHKCICYFP,1
GDCKGIRRRCMCSKPL,1
RSGRARDDFRAWATK,1
RSGRARRRFRAWATK,1
GRARDDFRA,1
GRARRRFRA,1
FLSLIPHIASGIASLVKNF,1
AQRCGDQARGAKCPNCLCCGKYGFCGSGDAYCGAGSCQSQCRGCR,1
AQRCGDQARGAKCPNCLCCGKYGFCGSGDAYCGKGSCQSQCRGCR,1
AQRCGDQARGAKCPNCLCCGKYGFCGSGDAYCGEGSCQSQCRGCR,1
AQRCGDQARGAKCPNCLCCGKYGFCGSGDAYCGNGSCQSQCRGCR,1
EQCGRQAGGKLCPNNLCCSQWGWCGSTDEYCSPDHNCQSNCKD,1
GFAWNVCVYRNGVRVCHRRAN,1
GLFSKKGGKGGKSWIKGVFKGIKGIGKEVGGDVIRTGIEIAACKIKGEC,1
FFSLIPSLVKKLIKAFK,1
FFKLIPKLVKKLIKAFK,1
TRGRWGRFKRRAGRFIRRNRWQIISTGLKLIG,1
KKPSKKPKPQAMTFPKVTVEYFPASFSTAALTVPED,1
QVYKGGYTRPIPRPPPFVRPLPGGPIGPYNGCPVSCRGISFSQARSCCSRLGRCCHVGKGYSG,1
QSVACTSYYCSKFCGSAGCSLYGCYLLHPGKICYCLHCSR,1
QSVACTSYYCSKFCGSAG,1
YCSKFCGSAGCSLYGCYLLH,1
CSLYGCYLLHPGKICYCLHCSR,1
CSLYGSYLLHPGKISYSLHCSR,1
GCYLLHPGKICY,1
PGKICYCLHCSR,1
RRSRSPRRKWTWKPRRRGSYTLISQGGNKGKH,1
TRSRWRRFTRRAGGFIRKNRWNIISTALKWIG,1
ASLLSLALMSQTTPIHPTPNYRTAWFLFSGLLGSAGVLFFLEAPTEVRSGG,1
DKPKKKPPPPAGPPPPPPPPPG,1
DKPKKKPPPPAGP,1
KLLKHKLLVTLA,1
FKLLSHSLLVTLASHLP,1
RQLKSSRRGALVCVRLKLCSAILSRGLSCGMFSCNARR,1
AKYTGKCTKSKNECKYKNDAGKDTFIKCPKFDNKKCTKDNNKCTVDTYNNAVDCD,1
KYTGKCTKSKNECK,1
KYTGKCYKKKNECK,1
KYTGKCKTKKNKCK,1
AKYTGKCYKKKNECKYKNDAGKDTFIKCPKFDNKKCTKDNNKCTVDTYNNAVDCD,1
AKYTGKCKTKKNKCKYKNDAGKDTFIKCPKFDNKKCTKDNNKCTVDTYNNAVDCD,1
FLPFFAACAITRKC,1
KKIGQKIKNFFQKL,1
KKIWQKIKNFFQKL,1
KRIWQKIKNFFQKL,1
KKIWQRIKNFFQKL,1
KKIWQKIRNFFQKL,1
KKIWQKIKRFFQKL,1
KKIWQKIKNFFRKL,1
TTMPLW,1
FVPAILCSILKTC,1
CEKPSKFFSGPCIGSSGKTQCAYLCRRGEGLQDGNCKGLKCVCAC,1
VHLPP,1
EVSLNSGYY,1
PGTAVFK,1
AGTAVFK,1
PATAVFK,1
PGAAVFK,1
PGTAAFK,1
PGTAVAK,1
PGTAVFA,1
FKKLKKLFSKLWNWK,1
RLRLLLRLR,1
LLRRLRRLL,1
RFRFFFRFR,1
FFRRFRRFF,1
RIRIIIRIR,1
IIRRIRRII,1
RWRWWWRWR,1
WWRRWRRWW,1
RRLRLLLRLRR,1
RLLRRLRRLLR,1
RRFRFFFRFRR,1
RFFRRFRRFFR,1
RRIRIIIRIRR,1
RIIRRIRRIIR,1
RRWRWWWRWRR,1
RWWRRWRRWWR,1
KKWRWWLKALAKK,1
KKWRKWLKWLAKK,1
LSVKAFTGIQLRGVCGIEVKARG,1
FLSLIPKAISAVSALANHF,1
FLSLIPKAISAISALANHF,1
FLSLIPKAISAISALINHF,1
FLSLIPKIISAISALINHF,1
FLSLIPKIISAISALIKHF,1
RIWR,1
RMWR,1
RRWR,1
RRFWRR,1
RRIWRR,1
RRFW,1
RRIW,1
SGRGKTGGKARAKAKTRSSRAGLQFPVGRVHRLLRKGNYAQRVGAGAPVY,1
SGRGKTGGKARAKAKTRSSRAGLQFPVGRVHRLLR,1
ILELAGNAARDNKKTRIIPRHLQL,1
VKVGINGFGRIGRLVTRAAFHGKKVEIVAIND,1
GKKYRRFRWKFKGKLFLFG,1
GCKKYRRFRWKFKGKFWFWG,1
HLNARVQRELIGWLDWLK,1
HLNKAVQRELIGWLDWLK,1
HLLKRVQRELIGWLDWLK,1
LKLMGIVKKVLGAL,1
HLNKRVQRELIGWLDWLA,1
HLNKRVQRELIRWLDWLK,1
HLNKRVQRELRGWLDWLK,1
HLNKRVQRELIGWLRWLK,1
HLNKRVQRLLIGWLDWLK,1
AFCWNVCVYRNAVRVCHRRCN,1
GFCKAVCVYRNGVRVCHRRCN,1
WGFCWNVCVYRNGVRVCHRRCN,1
GFWNVVYRNGVRVHRRN,1
GFCWNVAVYRNGVRVAHRRCN,1
GFAWNVAVYRNGVRVAHRRAN,1
HLLKRVQREIGWLRWLK,1
HLNKRVQRLLIRWLRWLK,1
LKLLGIVKKVLGAI,1
GIWKKWIKKWLKKLLKKLWKKG,1
GIWKKWIKKVVNVLKNLF,1
GVIKAAKKVVKVLKKLF,1
AKKKLSRWWLRWWVK,1
AVKKLLRWWSRWWKK,1
GIWKKWIKKWLNVLKNLF,1
GIWKKWIKKWLKVLKNLF,1
GIWKKWIKKWLKKLKNLF,1
GVIKAAKKVVNVLKNLF,1
GVIKAAKKVVKVLKNLF,1
VNFKLLSHSLLVTLASHL,1
KLLSHSLLVTLA,1
AARIILRWRFR,1
AARRILRWIFR,1
AARIILRWFRR,1
AARIILRRRFR,1
AARIILRDRFR,1
KLLRHRLLVTLA,1
VRFKLLSHSLLVTLASHL,1
RRFKLLSHSLLVTLASHL,1
AARIILRPRFR,1
AARIILRIRFR,1
AARIILRGRFR,1
AARIILRNRFR,1
AARIILRTRFR,1
AARIILRYRFR,1
AARIILRARFR,1
AARIILRFRFR,1
AARIILRLRFR,1
RWKIFKKIEKMGRNIRDGIVKAGPAIQVLGSAKAI,1
RTCQSQSHRFRGPCLRRSNCANVCRTEGFPGGRCRGFRRRCFCTTHC,1
AAKIILNPKFR,1
YLARAIRRTLARLLL,1
SWKKFFKKARSLPKLF,1
EWRVARRAVQRLRHLARRYH,1
ALKKMLRLAKRLS,1
VLSAFHKVIKIIHHISHF,1
RKFRKILHRARKWI,1
RRWGRWHRMRRRGR,1
FWKGLVKAAFKIVHAGS,1
GWKAIHKAAKGIHTYVN,1
YKRWKKWRSKAKKIL,1
RRSRFGRFFKKVRKQLGRVLRHSRITVGGRMRF,1
RRSIFRKLRRKIKKGLKKGIQHLLAGGRQGLPQGGRPGMI,1
TRGRWKRFWRGAGRFFRRHKEKIIRAAVDIVLS,1
MAFPFSTQRINPEIEEGNASLADLPVTHAGSLPGIKAQVRTALGIALLLVA,1
GLLASLGKVFGGYLAEKLKPK,1
FLPILAGLAANLVPKLICSITKKC,1
FLPFLASLLSKVL,1
FAKKFAKKFKKFAKKFAKFAFAF,1
FKLRAKIKVRLRAKIKL,1
FALAKLAKKAKAKLKKALKAL,1
FLPIVGRLISGIL,1
SILPTIVSFLSKVF,1
FLPFLKSILGKIL,1
FLSAITSILGKFF,1
KFAK,1
KFAKKFAK,1
KFAKKFAKKFAK,1
KFAKKFAKKFAKKFAK,1
KFAKKFAKKFAKKFAKKFAK,1
KFAKKFAKKFAKKFAKKFAKKFAK,1
KFAKKFAKKFAKKFAKKFAKKFAKKFAK,1
KFAKKFAKKFAKKFAKKFAKKFAKKFAKKFAK,1
RFARRFARRFARRFARRFARRFAR,1
RFARRFARRFARRFARRFARRFARRFAR,1
RFARRFARRFARRFARRFARRFARRFARRFAR,1
FAKKFAKKFAKKFAKKFAKKFAKK,1
AKKFAKKFAKKFAKKFAKKFAKKF,1
KKFAKKFAKKFAKKFAKKFAKKFA,1
LKKLLKKLLKKLLKKLLKKL,1
LKKLLKKLLKKLLKKLLKKLLKKL,1
LKKLLKKLLKKLLKKLLKKLLKKLLKKL,1
LKKLLKKLLKKLLKKLLKKLLKKLLKKLLKKL,1
KFAFKFAFKFAFKFAFKFAFKFAFKFAF,1
KFFKKFFKKFFKKFFKKFFKKFFKKFFK,1
KAAKKAAKKAAKKAAKKAAKKAAKKAAK,1
KKAKKKAKKKAKKKAKKKAKKKAKKKAK,1
KFKKFKKFKKFKKFKKFK,1
KFKKFKKFKKFKKFKKFKKFK,1
KFKKFKKFKKFKKFKKFKKFKKFK,1
KFKKFKKFKKFKKFKKFKKFKKFKKFK,1
KFKKFKKFKKFKKFKKFKKFKKFKKFKKFK,1
FKAFKAFKAFKAFKAFKA,1
FKAFKAFKAFKAFKAFKAFKA,1
FKAFKAFKAFKAFKAFKAFKAFKA,1
FKAFKAFKAFKAFKAFKAFKAFKAFKA,1
FKAFKAFKAFKAFKAFKAFKAFKAFKAFKA,1
LKLKLKLKLKLKLK,1
LKLKLKLKLKLKLKLK,1
LKLKLKLKLKLKLKLKLK,1
LKLKLKLKLKLKLKLKLKLK,1
LKLKLKLKLKLKLKLKLKLKLK,1
LKLKLKLKLKLKLKLKLKLKLKLK,1
LRLRLRLRLRLRLR,1
LRLRLRLRLRLRLRLRLR,1
LALALALALALALALALALALA,1
GRTSKQELCTWERGSVRQADKTIAG,1
PEPE,1
IPLA,1
CKGKGAKCSRLMYDCCTGSCRSGKC,1
GLFSVVKGVLKGVGKNVSGSLLDQLKCKISGGC,1
SFLTTVKKLVTNLAALAGTVIDTIKCKVTGGCRT,1
SFLTTVKKLVTNLAALAGTVIDTIKCKVTGGC,1
SFLTTVKKLVTNLAAL,1
GALKGCWTKSIPPKPCK,1
GMRPPWF,1
EVAKKLLASALKLALAI,1
EDWNHLGAAVHTLKHVYK,1
AIVEQLRKRC,1
KLSASLKHVAHRARHLS,1
ESRAGKLAAKAAFKAAKR,1
EWAAARQVIIHATRKY,1
EILSKALSALSPLAN,1
EKAILSALKLLRLAL,1
ETAKGVAKHLPPAIA,1
KVYARLHAVIKRLHRRLH,1
FLFSLIPHAISGLISAFK,1
FLFKLIPKAIKGLIKAFK,1
FLFSLIPNAISGLLSAFK,1
FLFKLIPKAIKGLLKAFK,1
KWAVRIIRKFIKGFIS,1
KDRPKKPGLCPLIWWLIIKVG,1
KDRPKKPGLCPAAKKAAAAKA,1
KWKLFKKIGIGAVLTTGLPALIS,1
GLFDVIRRVASVIGGL,1
GLFDVIRKVASVIGGL,1
GLFEVIKKVASVIGGL,1
GLWDVIKKVASVIGGL,1
GLWRVIRKVASVIGGL,1
LRRLLRWLRRLLRR,1
LRRAARWARRLLRR,1
LRRPPRWPRRLLRR,1
QSHLSLCRWCCNCCNRYKGCGFCCKF,1
SLLWRWNSMKPVGASCRDHLECGTKYCRRSICTF,1
KGARQAWKDYKYNRNMQKMNQGYGQQGG,1
FFRHIVGAISRIFGQKQRDMAD,1
GLLKSLCRKFVKVHLPELIEELTTTD,1
GFGCPLNQRACHRHCRSIGRRGGFCAGLIKQTCTCYRK,1
GFGCPNEWRCNAHCKRNRFRGGYCDSWFRRRCHCYG,1
ALRGCWTKSIPPKPCP,1
ALRGCWTFSIPPKPCP,1
RKKRRQRRR,1
RKKRRQRRRCWTKSIPPKPC,1
GLLKRIKTL,1
GLLKRIKT,1
GLLKRIK,1
GLLKRI,1
GLLKR,1
YIRKIRRFFKKLKKILKK,1
GWLKKIGKKIERVGQNTRDATIQAIGVAQQAANVAATLKG,1
GWLKKIGKKIERVGQHTRDATIQAIGVAQQAANVAATLKG,1
GWVKKIGKKIERVGQNTRDATIQVIGVAQQAANVAATLKG,1
YIRKIRRFFKKRFKFRKK,1
LKMLGMLFHNIRNILKTV,1
FLREFHKWIERVVGWLGKVF,1
LFNNYITAALKLLEKLYKV,1
RFCWKVCYKGICFKKCK,1
RKRCRFCCNCCPGKQGCVFCCGF,1
KPCTKLSKGWRGLCAPHKCSSYCIHHEGAYHGACLKNRHSKHYGCYCYYRHCY,1
KPCTKLSKGWRGLCAPHKCSSYCIHHEGAYHGRCRGFRRRCYCYYRHCY,1
KPCTKLSKGWRGLCAPHKCSSYCIHHEGAYHGACHVRNGKHMCYCYYRHCY,1
KPCTKLSKGWRGLCAPHKCSSYCIHHEGAYHGACAAARHSKHYGCYCYYRHCY,1
KPCTKLSKGWRGLCAPHKCSSYCIHHEGAYHGACLKNAAAKHYGCYCYYRHCY,1
KPCTKLSKGWRGLCAPHKCSSYCIHHEGAYHGACLKNRHSAAAACYCYYRHCY,1
HTLCMDGGATY,1
HTLCMGKATY,1
IHHIHHH,1
IHHIHHHIHHIHHH,1
IHHIHHHIHHIHHHIHHIHHH,1
IHHIHHHIHHIHHHIHHIHHHIHHIHHH,1
IHHIHHI,1
IHHIHHIIHHIHHI,1
IHHIHHIIHHIHHIIHHIHHI,1
IHHIHHIIHHIHHIIHHIHHIIHHIHHI,1
IDPKVLESLV,1
IDPKLLESLA,1
ALWKTLLKHVGKAAGKAALNAVTDMVNQ,1
RWCFKVCYKGICYKKCK,1
VAIALKAAAYHTHKE,1
VAIALKAAHYATHKE,1
VAIALKAAHYHTAKE,1
YFRTIRRFFKKLFKTLKK,1
VWKRWVVRKWKWVKKKVKKK,1
GVTFNALKGVAKTVAAQLLKTAR,1
GLVTDTLKGAAKTVAAELLRKAH,1
GVITDALKGAAKTVAAELPRKAH,1
VAEARQGSFSY,1
LKLSPKTKKTLKKVLKGAIKGAIAIASMA,1
KPPQFTKAQWFAIQHISLNPPKSTIAMKAINNYKWKSKNQNTFLK,1
RPRGMTSSQWFRIQHMQPSPQASNSAMRNINRHTRRSRDLNTFLH,1
KRKARKKGRFSKK,1
ILLKIWEGIKSLF,1
ALGKFWEKIKSLF,1
ILKKIWEGIKSLF,1
ILGKFWEGIKSLF,1
ILGKIWEPIKSLF,1
WLGKIWEGIKSLF,1
GLWSKIKDAAKTAGKAALGFVNEMV,1
GLWSKIKKAAKTAGKAALGFVNKMV,1
APKVNVNALKKGGRVIKKGLGVIGAAGTAHEVYNHVRNRNQG,1
SLLSLIRKFFT,1
FAKKLAKLAKKLAKLALAL,1
FALALKALKKLAKKLKKLAKKAL,1
FALALKALKKLKKALKKAL,1
KWKLFKKALKKLKKALKKAL,1
ASWKVFLKNIGKAAGKAVLNSVTDMVNQ,1
SLWSSIKDMAAAAGRAALNAVNGIVNP,1
SLWSSIKDMAAAAGRAALNAVNGILNP,1
SLRSSIKDMAAAAGRAALNAVNGIVNP,1
FLSLIPHVISAIPHVVNALSNL,1
KWWK,1
KIWWK,1
RKWWK,1
RIKWWK,1
RWWR,1
KRIWWR,1
KIKRWWR,1
KIRWWR,1
RWR,1
KIKRWR,1
KKIRWR,1
KWK,1
KKWK,1
RIKWK,1
KWKW,1
KKWW,1
SQRKLAAKLTSK,1
SQRKLAAKLTSKGGGRLLRPLLQLLKQKLR,1
AKLIPTIAL,1
SLRGCC,1
KAVKKRKKKLAKAKK,1
LPLRTRLLKVL,1
FRAPYIASLLR,1
RKSREWRSKKTQPRRPR,1
KNQYGRIRVLQRFNQR,1
RIRLLQRFNKR,1
RQYMRQIEQALRYGYRISRR,1
FLRALWNVAKSVF,1
FLGALWRVAKSVF,1
FLGALWNVAKRVF,1
GLGALWNVAKSVF,1
FLGALWNPAKSVF,1
FLGALWNVLKSVF,1
FLGALWNVFKSVF,1
FLGALWNVAKSLF,1
FLGALWNVAKSYF,1
FLQKIIGALGKLF,1
FLQKIIGALGHLF,1
FLQHIIGALGKLF,1
SRSELIVRQRLF,1
SRSDLIVHQRLF,1
SRSQLIVHQRLF,1
SRSALIVHQRLF,1
SRSELRVHQRLF,1
SRSELKVHQRLF,1
SRSEKIVHQRLF,1
SRSEIVHQRLF,1
SRSEKIVHQLF,1
RSLIVHQRLF,1
SRSEIVQRLF,1
SRSCLIVCQRLF,1
GWWRRTVDKVRNAGRK,1
WWRRTVAKVRNAGRK,1
GWWRRTVAKVRK,1
AWWRRTVAKVRK,1
GAWRRTVAKVRK,1
GWARRTVAKVRK,1
GWWARTVAKVRK,1
GWWRATVAKVRK,1
GWWRRAVAKVRK,1
GWWRRTAAKVRK,1
GWWRRTVAAVRK,1
GWWRRTVAKARK,1
GWWRRTVAKVAK,1
GWWRRTVAKVRA,1
KSAFELPHYGL,1
KSHFELPAYGL,1
KSHFELPHYGL,1
ATKAVCVLKGDGPVQGIINF,1
VKAQEPVKGPVSTKPGSCPIILIRCA,1
EAEKCFKWQRNMRKVRGPPVSCIKR,1
EATKCFEWQRKMRKVRGPPVSCIKR,1
EATKCFQWQREMRKKRGPPVSCIKR,1
GFSSLFKAGAKYLLKQVGKAGAQQLACKAANNC,1
GFSSLFKAGAKYLLKQVGKAGAQQL,1
GFSSLFKAGAKYLPKQVGKAGAQQL,1
GFSSLFKAGAKYLAKQVGKAGAQQL,1
GFSSLFKAGAKYLKKQVGKAGAQQL,1
GFSSLFKAGAKYLRKQVGKAGAQQL,1
ALFDIIKKIAESF,1
GAFDIIKKIAESF,1
GLADIIKKIAESF,1
GLFAIIKKIAESF,1
GLFDAIKKIAESF,1
GLFDIAKKIAESF,1
GLFDIIAKIAESF,1
GLFDIIKAIAESF,1
GLFDIIKKAAESF,1
GLFDIIKKIAASF,1
GLFDIIKKIAEAF,1
GLFDIIKKIAESA,1
ARR,1
DRR,1
ERR,1
FRR,1
GRR,1
HRR,1
IRR,1
KRR,1
LRR,1
MRR,1
NRR,1
PRR,1
QRR,1
SRR,1
TRR,1
VRR,1
WRR,1
YRR,1
SKTKRRSLLKRLGDGIRGFWNGFRGRK,1
KRGLWESLKRKVTKLGDDIRNTLRNFKIKFPVPRQG,1
PIRTKRRWKLIKKGGKIVKDLLTKNNIIILPGGNE,1
LELE,1
IEIE,1
VEVE,1
PIPF,1
ARIVQRIKDFLR,1
KAIVQRIKDFLR,1
KRAVQRIKDFLR,1
KRIAQRIKDFLR,1
RLFDKIRQVIRK,1
AGGKRIVQRIKDFLRGAGGRLFDKIRQVIRKG,1
AGKRIVQRIKDFLRGAGRLFDKIRQVIRKG,1
AKRIVQRIKDFLRGARLFDKIRQVIRKG,1
AGGKRIVQRIKDFLRGAGGKRIVQRIKDFLRG,1
AGKRIVQRIKDFLRGAGKRIVQRIKDFLRG,1
AKRIVQRIKDFLRGAKRIVQRIKDFLRG,1
AGGKRIVKRIKKFLRGAGGKRIVKRIKKFLRG,1
CGGRLFDKIRQVIRKGAGGRLFDKIRQVIRKG,1
CGGKRIVQRIKDFLRGAGGRLFDKIRQVIRKG,1
CGGKRIVQRIKDFLRGAGGKRIVQRIKDFLRG,1
KRIVARIKDFLR,1
KRIVQAIKDFLR,1
KRIVQRAKDFLR,1
KRIVQRIADFLR,1
KRIVQRIKAFLR,1
KRIVQRIKDALR,1
KRIVQRIKDFAR,1
KRIVQRIKDFLA,1
KKIVQRIKDFLR,1
KRKVQRIKDFLR,1
KRIKQRIKDFLR,1
KRIVKRIKDFLR,1
KRIVQKIKDFLR,1
KRIVQRKKDFLR,1
KRIVQRIKKFLR,1
KRIVQRIKDKLR,1
KRIVQRIKDFKR,1
KRIVQRIKDFLK,1
KRIVARIKAFLR,1
KRIVKRIKKFLR,1
KRIVKRIKAFLR,1
KRKVKRIKKFLR,1
KRIVARIKAALR,1
KRIAQRIKAFLR,1
KRAAQRIKAFLR,1
KRIVQRKKDKKR,1
KRIVQRKKDFKR,1
RKGSRMGKKCECP,1
RKGSQMGKKCECP,1
LRKVRRLLRRL,1
LRKVWRWLRRL,1
LRKFRRLLRRL,1
LRRLRRLLRRL,1
KYEITTIHNLFRKLTHRLFRRNFGYTLR,1
KYEITTIHNLARKLTHRLARRNAGATLR,1
LCLRNWDQGHRP,1
FLGALFKVASKLVPAAICSISKKC,1
GFLKKIGKKLEGAVQRTRDATIQTIAVAQAAANVAATAKQG,1
GFLKKIGKKLEGAVQRTRDATIQTIAVAQAAANVAATAKQ,1
GWLRDFGKRIERTGQNIRDATIQTIGIAQEAANVAATLKG,1
GWLRDFGKRIERTGQNIRDATIQTIGIAQEAANVAATLK,1
GFLKKVGKKLEGASDLTRDATIQTIAVAQAAANVAATAKQG,1
GFLKKVGKKLEGASDLTRDATIQTIAVAQAAANVAATAKQ,1
QFNMQGGGSPRQGFDVNANARFPIWQSQNARNSVHGTASYAQHLGGPYGNSRPNFGGGLQFT,1
AACSLGSLLNVGCNSCACAAHCLATRGKNGACNSQRRCVCNK,1
ATCDLLSFLNVKDAACAAHCLAKGYRGGYCDGRKVCNCRK,1
SLWGKLKEMAAAAGKAALNAVNGLVNQ,1
SLWGKLKEMLAKAGKAVANAVNGLANQ,1
SLWGKLKEMLAAAGKAVANAVNGLANQ,1
HGLASTLTRWAHYNALIRAFGGGKKKK,1
FLGAILKIGHALAKTVLPMVTNAFKPKQ,1
GLWKSLFKNVGKAAGKAALNAVTDMVNQ,1
ALWKTLLKNVGKAAGKAVLNAVTDMVNQ,1
KKKKK,1
RRRRR,1
FFFFKKKKK,1
FFFKKK,1
VVVKKKKK,1
VKVKVKVK,1
VVVAAAKKK,1
KFFKKLKKSVKKHVKKFFKKPKVIGVSIPF,1
FFGHLLRGIVSVGKHIHGLITG,1
FALALKALKKALKKLKKALKKAL,1
MPKWKVFKKIEKVGRNIRNGIVKAGPAIAVLGEAKALG,1
FAKKLAKKLKKLAKKLAKLALAL,1
FAKKLAKKLKKLAKLALAL,1
VALALKALKKALKKLKKALKKAL,1
FALALKKALKALKKAL,1
FAKKLAKLAKKLLAL,1
FAKKLAKLAKKALAL,1
FALAKKALKKAKKAL,1
FAKKLAKLALKLAKL,1
FAKKLAKKLAKLAL,1
FAKKLKKLAKLAKKL,1
FAKKALKALKKL,1
VAKLLAKLAKKLL,1
FAKLLAKLAKKL,1
VAKKLAKLAKKLAKLAL,1
FAKLLAKLAKKAL,1
FAKLLKLAAKKLL,1
FAKLLAKKLL,1
FAKKLAKALL,1
FAKKLAKKLL,1
FAKLAKKLL,1
FAKALKALLKALKAL,1
FAKLLAKLAKAKL,1
FAKLLAKLAKLKL,1
FAKKLAKKLKKLAKKLAKKWKL,1
KWKLFKKKTKLFKKFAKKLAKKL,1
FAKKLAKKLAKAL,1
FAKKLAKKLAKLL,1
FAKKLAKKLAKAAL,1
FAKKLAKKAKLAKKL,1
FAKKLKKLAKKL,1
KTKLFKKFAKKLAKKLKKLAKKL,1
FAKALAKLAKKLL,1
FAKLLAKLAKKAA,1
FAKLLALALKLKL,1
FAKLLAKLAKAKA,1
FAKLLAKLAKAKG,1
FAKKLAKKLKKLAKKLAKLALALKALALKAL,1
FAKKLAKKLKKLAKKLIGAVLKV,1
FAKLLAKALKLKL,1
FAKLLAKALKKAL,1
FAKLLAKALKKL,1
KIAKVALAKLGIGAVLKVLTTGL,1
FAKKLAKLAKKL,1
MPKEKVFLKIEKMGRNIRN,1
FAKKLAKLAKKLAKAL,1
FAKKLLAKALKL,1
FAKFLAKFLKKAL,1
FAKLLFKALKKAL,1
FIQHLIPLIPHAIQGIKDIF,1
FAKLLAKFLKKAL,1
LLVLRSLGPWHPGHCLLR,1
FAKLLAKAFKKAL,1
FAKLFAKAFKKAL,1
FAKLLAKALKKFL,1
FAKLLAKALKKFAL,1
FAKLLAKLAKKFAL,1
FAKLFAKLAKKFAL,1
FKLAFKLAKKAFL,1
FAKLLAKLAK,1
FAKLLAKLAKKVL,1
FAKLLAKLAKKIL,1
FAKLWAKLAFGKGIGKVGKKLL,1
FAKLWAKLAKKL,1
FALALKALKKAL,1
SLFSLIKAGAKFLGKNMLKQGPQYPACKVSKDSENVNWKS,1
GLISTIWNTASNVAGTLTDSVKCKFKKC,1
FIFLPIFRRPVS,1
RYIYLSGTDRIIRAKLGK,1
ITRYLDKILRILRKYLKA,1
GPSGFLGMR,1
APAAGFFGMR,1
FALGAVTKVLPKLFCLITRKC,1
FALGAVTCLIRTKCKVLPKLF,1
FALGAVTKVLYKLFCLITRKC,1
FQRYFHRYARFLAKIWKG,1
SNVMEERKIKVYLPRMKMEE,1
RKIKVYLPRMK,1
RKIKVYLRRMK,1
RKIKRYLRRMK,1
RKIKRYLRRMI,1
RKIKRYLRRMW,1
RLIKRYLRRMW,1
RKIKRYLRRMIW,1
RKIKRYLRRMIIW,1
RKIKRYLRRMIIIW,1
RKMKRVWKRFKL,1
RKLKRFWKRVKM,1
RKVKRLFKRWKM,1
AGTNK,1
QAGTNK,1
QAGSNKGASQKGMS,1
EGQGVISLQAGTNK,1
GEGIIGLQAGTNKFASQIGMKIGAVRHIADIR,1
WWLSRRRSSLFYWR,1
SRRRFDFSRRRIYVARRRSLAFAHRRR,1
TINKKFRWHGKRKWWLRFVKQ,1
KGGKFLNFLKKAAKVGAKVGMAALG,1
KLKTWPKNYWRKVWSKKNWRKFVKKFKHW,1
FLPALAGIAGLLGKIF,1
FLPLIAGLAAKFLPKIFCAITKKC,1
FLPLIAGLAAKCAITKKC,1
FLPKIFCAITKKC,1
KFLPKIFCAITKKC,1
KKFLPKIFCAITKKC,1
KFLPWKIFCAITKKC,1
KKFLPWKIFCAITKKC,1
KFWPWKIFCAITKKC,1
KFLPWKWFCAITKKC,1
FVKWFSKFLGRIL,1
FVKWFSKKLGRIL,1
FVKSFWKKLGRIL,1
SPSRSCNTHCPDPYLNLPGHYVCCDQHPGKCPPVPHCPAYPRKCFYDPECGLNEKCCNTPCGGKRCISIPYSGK,1
SPSRSCNTHCPDPYLNLPGHYVCCDQHPGKCFRRDKCPPHELNKGLRQTIKYCHYDPECALHEKCCYDVCIEAKVCKLPE,1
IKPFKFPFKPFRR,1
IKPFKKPFKPFRR,1
KKPFKFPKKPFRR,1
IKKFKKPFKPFRR,1
KKWWKWWKKWWRR,1
ILPWKWEWWPWRR,1
ILPWKKPWEPWRR,1
AAFRGCWTKSYSPKPCLGKR,1
FRWKYPKPLKR,1
RWKYPKPLKR,1
RWKQVKVKR,1
RWRFKWKK,1
RWRFKWAKK,1
ARWRFKWAKK,1
RWRFKWWKK,1
RRIPFWPIPLRWQWPPPWFPPSFPIPRISRKR,1
RRIRFPFPPFPWQWPPAGFPTFHIPRIPRKQ,1
RWKIFKKPFKISIHL,1
RRIRFRPPRLPRPRPRPWIPPRFPFPRIPGKR,1
RRIRIRPPRLPRPRPRPWFPPRFPIPRIPGKR,1
KLIK,1
GWLIRGAIHAGKAIHGLIHRRRH,1
DDESSKPCCDQCACTKSNPPQCRCSDMRLNSCHSACKSCICALSYPAQCFCVDITDFCYEPCKPSEDDKEN,1
LKKLCARLKKLCAR,1
LKKLCARLKKLCARLKKLCAR,1
LKKLCARLKKLCARLKKLCARLKKLCAR,1
LKKLACRLKKLACR,1
LKKLACRLKKLACRLKKLACR,1
LKKLACRLKKLACRLKKLACRLKKLACR,1
AQRCGDQARGAKCPNCLCCGKYGFCGSGDAYCGVGSCQSQCRGCR,1
AQRCGDQARGAKC,1
KCAGSIAWAIGSGLFGGAKLIKIKKYIAELGGLQ,1
KEIERAGQRIRDAIISAAPAVETLAQAQKIIKGG,1
VKRFKKFFRKFKKFV,1
VKRWKKWFRKWKKWV,1
VKRWKKWKRKWKKWV,1
VCKRWKKWKRKWKKWCV,1
LCCGKYGFCGSG,1
CCGKYGFCGSGDAYC,1
GKGSCQSQCRGCR,1
FLPGILKVAANVVPGVICAITKKC,1
FLPGILKVAANVVPGVI,1
FLPGILKVAAK,1
FLPKILKVAAK,1
FLKWALKVAAK,1
FLKWALKWAAK,1
FLPKWALKWAAK,1
FWGTLAKWALK,1
FWGTLAKWALKAI,1
FWGTLAKWALKAIPAAMGMKQNK,1
GLKDWWNKHKDKIVKVVKEMGKAGINAA,1
GLFDVIKKVASVIGPLGIAGQGGD,1
VKRFKKFFRKLKKSVL,1
VRRFRRFFRRLRRSV,1
LLCLDGTRKPVTEAQSCHLAVAPNHAVVSR,1
KLGALWNVAKSVF,1
FLGALWNVKKSVF,1
KLGALWNVAKSKF,1
FLKALWKVAKSVF,1
FLKALWNVAKKVF,1
FLGALWKVAKKVF,1
FLKALWKVAKKVF,1
GLLKLLKKLLKLLK,1
GLFKLLKKLLKLLK,1
GLFDIVKKVLKLLK,1
GLFDIVKKVVKLLK,1
GLFDIVKKVVGLLK,1
GLFDIVKKVVGALK,1
GLFDIVKKVVGALG,1
KLLKLVKKVVGALG,1
KLLKLLKKVVGALG,1
KLLKLLKKLVGALG,1
KLLKLLKKLLGALG,1
KLLKLLKKLLKALG,1
