sequence,label
GLWSKIKEVGKEAAKAAAKAAGKAALGAVSEAV,1
DGVKLCDVPSGTWSGHCGSSSKCSQQCKDREHFAYGGACHYQFPSVKCFCKRQC,1
NLCERASLTWTGNCGNTGHCDTQCRNWESAKHGACHKRGNWKCFCYFDC,1
GLFDIIKKIAESI,1
GLFDIIKKIAESF,1
GLLDIVKKVVGAFGSL,1
GLFDIVKKVVGALGSL,1
GLFDIVKKVVGAIGSL,1
GLFDIVKKVVGTLAGL,1
GLFDIVKKVVGAFGSL,1
GLFDIAKKVIGVIGSL,1
GLFDIVKKIAGHIAGSI,1
GLFDIVKKIAGHIASSI,1
GLFDIVKKIAGHIVSSI,1
FKCRRWQWRMKKLGAPSITCVRRAF,1
RRWWRF,1
DKLIGSCVWGAVNYTSDCNGECKRRGYKGGHCGSFANVNCWCET,1
QGVRNHVTCRIYGGFCVPIRCPGRTRQIGTCFGRPVKCCRRW,1
GIGASILSAGKSALKGLAKGLAEHFAN,1
GIGAAILSAGKSALKGLAKGLAEHF,1
GIGGALLSAGKSALKGLAKGLAEHFAN,1
ILGPVLGLVGSALGGLLKKI,1
GIGTKILGGVKTALKGALKELASTYAN,1
GIGTKILGGVKTALKGALKELASTYVN,1
GIGGKILSGLKTALKGAAKELASTYLH,1
GIGGVLLSAGKAALKGLAKVLAEKYAN,1
SIGAKILGGVKTFFKGALKELASTYLQ,1
ILGPVLSLVGSALGGLIKKI,1
SKITDILAKLGKVLAHV,1
FLPLLAGLAANFLPKIFCKITRKC,1
GIFSKLGRKKIKNLLISGLKNVGKEVGMDVVRTGIDIAGCKIKGEC,1
FLGALFKVASKVLPSVFCAITKKC,1
FLPLLAGLAANFLPTIICKISYKC,1
FLPLIGRVLSGIL,1
LLPIVGNLLKSLL,1
FVQWFSKFLGRIL,1
GSKKPVPIIYCNRRTGKCQRM,1
RECKAQGRHGTCFRDANCVQVCEKQAGWSHGDCRAQFKCKCIFEC,1
FLPFLAKILTGVL,1
FLPIVGKLLSGLL,1
SMLSVLKNLGKVGLGFVACKINKQC,1
GILDSFKGVAKGVAKDLAGKLLDKLKCKITGC,1
GILSSIKGVAKGVAKNVAAQLLDTLKCKITGC,1
GLLDTIKGVAKTVAASMLDKLKCKISGC,1
GLMDTVKNVAKNLAGHMLDKLKCKITGC,1
SMLSVLKNLGKVGLGLVACKINKQC,1
GLFLDTLKGLAGKLLQGLKCIKAGCKP,1
GLFLDTLKGAAKDVAGKLLEGLKCKIAGCKP,1
RWKVFKKIEKVGRNIRDGVIKAAPAIEVLGQAKAL,1
KWKIFKKIEKVGRNIRNGIIKAGPAVAVLGEAKAL,1
GWLKKIGKKIERVGQHTRDATIQTIGVAQQAANVAATLK,1
RKKWFW,1
GIGKFLHSAKKFGKAFVGEIMNS,1
GIGAVLKVLTTGLPALISWIKRKRQQ,1
ATYNGKCYKKDNICKYKAQSGKTAICKCYVKKCPRDGAKCEFDSYKGKCYC,1
ILPWKWPWWPWRR,1
RCVCTRGFCRCVCRRGVC,1
VRRFPWWWPFLRR,1
RSVCRQIKICRRRGGCYYKCTNRPY,1
YSRCQLQGFNCVVRSYGLPTIPCCRGLTCRSYFPGSTYGRCQRY,1
RGLRRLGRKIAHGVKKYGPTVLRIIRIAG,1
RCVCRRGVCRCVCRRGVC,1
ALWKTMLKKLGTMALHAGKAALGAAADTISQGTQ,1
ALWFTMLKKLGTMALHAGKAALGAAANTISQGTQ,1
ALWKNMLKGIGKLAGKAALGAVKKLVGAES,1
ALWMTLLKKVLKAAAKAALNAVLVGANA,1
GLWSKIKTAGKSVAKAAAKAAVKAVTNAV,1
GWGSFFKKAAHVGKHVGKAALTHYL,1
HRHQGPIFDTRPSPFNPNQPRPGPIY,1
RCICTTRTCRFPYRRLGTCLFQNRVYTFCC,1
RRCICTTRTCRFPYRRLGTCIFQNRVYTFCC,1
DSHEERHHGRHGHHKYGRKFHEKHHSHRGYRSNYLYDN,1
ACYCRIPACIAGERRYGTCIYQGRLWAFCC,1
CYCRIPACIAGERRYGTCIYQGRLWAFCC,1
DCYCRIPACIAGERRYGTCIYQGRLWAFCC,1
VCSCRLVFCRRTELRVGNCLIGGVSFTYCCTRV,1
ATCYCRTGRCATRESLSGVCEISGRLYRLCCR,1
AFTCHCRRSCYSTEYSYGTCTVMGINHRFCCL,1
RSGRGECRRQCLRRHEGQPWETQECMRRCRRRG,1
VVCACRRALCLPRERRAGFCRIRGRIHPLCCRR,1
VVCACRRALCLPLERRAGFCRIRGRIHPLCCRR,1
HPLKQYWWRPSI,1
QCRRLCYKQRCVTYCRGR,1
ICIFCCGCCHRSKCGMCCKT,1
DTHFPICIFCCGCCHRSKCGMCCKT,1
VGECVRGRCPSGMCCSQFGYCGKGPKYCGR,1
RGGRLCYCRRRFCVCVGR,1
CIGNGGRCNENVGPPYCCSGFCLRQPNQGYGVCRNR,1
QCIGNGGRCNENVGPPYCCSGFCLRQPGQGYGYCKNR,1
GVLSNVIGYLKKLGTGALNAVLKQ,1
GMASKAGAIAGKIAKVALKAL,1
RRWCFRVCYRGFCYRKCR,1
RRWCFRVCYKGFCYRKCR,1
RWCFRVCYRGICYRKCR,1
GICACRRRFCPNSERFSGYCRVNGARYVRCCSRR,1
RGGRLCYCRRRFCICV,1
RGGGLCYCRRRFCVCVGR,1
RGGRLCYCRPRFCVCVGR,1
VTCYCRRTRCGFRERLSGACGYRGRIYRLCCR,1
VTCYCRSTRCGFRERLSGACGYRGRIYRLCCR,1
CSCRTSSCRFGERLSGACRLNGRIYRLCC,1
ACYCRIGACVSGERLTGACGLNGRIYRLCCR,1
SDEKASPDKHHRFSLSRYAKLANRLANPKLLETFLSKWIGDRGNRSV,1
NPVSCVRNKGICVPIRCPGSMKQIGTCVGRAVKCCRKK,1
GLFKVLGSVAKHLLPHVVPVIAEK,1
GLFGVLGSIAKHVLPHVVPVIAEK,1
GLFVGVLAKVAAHVVPAIAEHF,1
GRKSDCFRKSGFCAFLKCPSLTLISGKCSRFYLCCKRIR,1
GRKSDCFRKNGFCAFLKCPYLTLISGLCSFHLC,1
NRLSCHRNKGVCVPSRCPRHMRQIGTCRGPPVKCCRKK,1
QQCGRQASGRLCGNRLCCSQWGYCGSTASYCGAGCQSQCRS,1
DQYKCLQHGGFCLRSSCPSNTKLQGTCKPDKPNCCKS,1
GIPCGESCVWIPCISAALGCSCKNKVCYRN,1
GVIPCGESCVFIPCISTLLGCSCKNKVCYRN,1
GLLRKGGEKIGEKLKKIGQKIKNFFQKLVPQPEQ,1
SIPCGESCVFIPCTVTALLGCSCKSKVCYKN,1
GIINTLQKYYCRVRGGRCAVLSCLPKEEQIGKCSTRGRKCCRRKK,1
SHQDCYEALHKCMASHSKPFSCSMKFHMCLQQQ,1
QKLCERPSGTWSGVCGNNNACKNQCINLEKARHGSCNYVFPAHKCICYFPC,1
QKLCQRPSGTWSGVCGNNNACKNQCIRLEKARHGSCNYVFPAHKCICYFPC,1
TCESPSHKFKGPCATNRNCES,1
GIFSSRKCKTPSKTFKGYCTRDSNCDTSCRYEGYPAGD,1
AMWKDVLKKIGTVALHAGKAALGAVADTISQ,1
FCTMIPIPRCY,1
RVCFAIPLPICH,1
RVCYAIPLPICY,1
RVCYAIPLPIC,1
AGRGKQGGKVRAKAKTRSSRAGLQFPVGRVHRLLRKGNY,1
TRSSRAGLQFPVGRVHRLLRK,1
LLGDFFRKSKEKIGKEFKRIVQRIKDFLRNLVPRTES,1
AERVGAGAPVYL,1
PDPAKTAPKKKSKKAVT,1
PDPAKTAPKKGSKKAVTKA,1
AKCIKNGKGCREDQGPPFCCSGFCYRQVGWARGYCKNR,1
GLLSVLGSVAKHVLPHVVPVIAEKL,1
GLFDVIKKVASVIGGL,1
GLFDIIKKVASVVGGL,1
GLFDIIKKVASVIGGL,1
ANTAFVSSAHNTQKIPAGAPFNRNLRAMLADLRQNAAFAG,1
GRFKRFRKKFKKLFKKLSPVIPLLHLG,1
GGLRSLGRKILRAWKKYGPIIVPIIRIG,1
RIIDLLWRVRRPQKPKFVTVWVR,1
GKVWDWIKSTAKKLWNSEPVKELKNTALNAAKNLVAEKIGATPS,1
GWKDWAKKAGGWLKKKGPGMAKAALKAAMQ,1
GWKDWLKKGKEWLKAKGPGIVKAALQAATQ,1
GWKDWLNKGKEWLKKKGPGIMKAALKAATQ,1
DFKDWMKTAGEWLKKKGPGILKAAMAAAT,1
GLVDVLGKVGGLIKKLLPG,1
FKLGSFLKKAWKSKLAKKLRAKGKEMLKDYAKGLLEGGSEEVPGQ,1
WLGSALKIGAKLLPSVVGLFKKKKQ,1
WLGSALKIGAKLLPSVVGLFQKKKK,1
GIWGTLAKIGIKAVPRVISMLKKKKQ,1
GIWGTALKWGVKLLPKLVGMAQTKKQ,1
FWGALIKGAAKLIPSVVGLFKKKQ,1
YRGGYTGPIPRPPPIGRPPLRLVVCACYRLSVSDARNCCIKFGSCCHLVK,1
YRGGYTGPIPRPPPIGRPPFRPVCNACYRLSVSDARNCCIKFGSCCHLVK,1
QVYKGGYTRPIPRPPPFVRPLPGGPIGPYNGCPVSCRGISFSQARSCCSRLGRCCHVGKGYS,1
HSSGYTRPLPKPSRPIFIRPIGCDVCYGIPSSTARLCCFRYGDCCHR,1
HVDKKVADKVLLLKQLRIMRLLTRL,1
YPPKPESPGEDASPEEMNKYLTALRHYINLVTRQRY,1
GFTQGVRNSQSCRRNKGICVPIRCPGSMRQIGTCLGAQVKCCRRK,1
KTCENLANTYRGPCFTTGSCDDHCKNKEHLRSGRCRDDFRCWCTRNC,1
ACNFQSCWATCQAQHSIYFRRAFCDRSQCKCVFVRG,1
YGPGDGHGGGHGGGHGGGHGNGQGGGHGHGPGGGFGGGHGGGHGGGGRGGGGSGGGGSPGHGAGGGYPGGHGGGHHGGYQTHGY,1
GLMDTVKNAAKNLAGQMLDKLKCKITGSC,1
HSSGYTRPLRKPSRPIFIRPIGCDVCYGIPSSTARLCCFRYGDCCHL,1
YSSGYTRPLPKPSRPIFIRPIGCDVCYGIPSSTARLCCFRYGDCCHR,1
QGCKGPYTRPILRPYVRPVVSYNACTLSCRGITTTQARSCCTRLGRCCHVAKGYS,1
QGYKGPYTRPILRPYVRPVVSYNACTLSCRGITTTQARSCSTRLGRCCHVAKGYS,1
GFLGPLLKLAAKGVAKVIPHLIPSRQQ,1
GLLGPLLKIAAKVGSNLL,1
SAFTVWSGPGCNNRAERYSKCGCSAIHQKGGYDFSYTGQTAALYNQAGCSGVAHTRFGSSARACNPFGWKSIFIQC,1
GLICESCRKIIQKLEDMVGPQPNEDTVTQAASRVCDKMKILRGVCKKIMRTFLRRISKDILTGKKPQAICVDIKICKE,1
SSLLEKGLDGAKKAVGGLGKLGKDAVEDLESVGKGAVHDVKDVLDSV,1
LCNERPSQTWSGNCGNTAHCDKQCQDWEKASHGACHKRENHWKCFCYFNC,1
EFTNVSCTTSKECWSVCQRLHNTSRGKCMNKKCRCYS,1
VTCFCKRPVCDSGETQIGYCRLGNTFYRLCCRQ,1
VTCFCRRRGCASRERHIGYCRFGNTIYRLCCRR,1
VTCFCRRRGCASRERLIGYCRFGNTIYGLCCRR,1
ACYCRIPACLAGERRYGTCFYMGRVWAFCC,1
GFCRCLCRRGVCRCICTR,1
GADFQECMKEHSQKQHQHQG,1
INLKAIAALAKKLL,1
SYSMEHFRWGKPV,1
DHYNCVSSGGQCLYSACPIFTKIQGTCYRGKAKCCK,1
FLPAIVGAAGQFLPKIFCAISKKC,1
FLPAIVGAAGKFLPKIFCAISKKC,1
FFPIVAGVAGQVLKKIYCTISKKC,1
FLPIIAGIAAKVFPKIFCAISKKC,1
FLPMLAGLAASMVPKLVCLITKKC,1
FLPAIAGMAAKFLPKIFCAISKKC,1
FLPAIAGVAAKFLPKIFCAISKKC,1
FLPIIAGVAAKVFPKIFCAISKKC,1
FLPIIASVAAKVFSKIFCAISKKC,1
FLPIIASVAANVFSKIFCAISKKC,1
FFHHIFRGIVHVGKTIHRLVTG,1
FIHHIFRGIVHAGRSIGRFLTG,1
AGCIKNGGRCNASAGPPYCCSSYCFQIAGQSYGVCKNR,1
KTCEHLADTYRGVCFTNASCDDHCKNKAHLISGTCHNWKCFCTQNC,1
RGFRKHFNKLVKKVKHTISETAHVAKDTAVIAGSGAAVVAAT,1
AALKGCWTKSIPPKPCSGKR,1
AALRGCWTKSIPPKPCSGKR,1
RQRVEELSKFSKKGAAARRRK,1
EQCGRQAGGKLCPNNLCCSQYGWCGSSDDYCSPSKNCQSNCKGGG,1
LAHQKPFIRKSYKCLHKRCR,1
DSHAKRHHGYKRKFHEKHHSHRGY,1
GLLDSIKGMAISAGKGALQNLLKVASCKLDKTC,1
VAIALKAAHYHTHKE,1
GYGGHGGHGGHGGHGGHGGHGHGGGGHG,1
GYHGGHGGHGGGYNGGGGHGGHGGGYNGGGHHGGGGHG,1
FLGGLIKIVPAMICAVTKKC,1
FLGGLMKAFPALICAVTKKC,1
FLGGLMKAFPAIICAVTKKC,1
IWLTALKFLGKHAAKHLAKQQLSKL,1
QYRHRCCAWGPGRKYCKRWC,1
QWGRRCCGWGPGRRYCRRWC,1
DSHAKRHHGYKRKFHEKHHSHRGYRSNYLYDN,1
KFHEKHHSHRGY,1
GIGDPVTCLKSGAICHPVFCPRRYKQIGTCGLPGTKCCKKP,1
ILGPVLSMVGSALGGLIKKI,1
ILGPVLGLVGNALGGLIKKI,1
ILGPVISKIGGVLGGLLKNL,1
KTCENLADTFRGPCFATSNC,1
GVVDILKGAAKDIAGHLASKVMNKL,1
KSCCRNTTARNCYNVCRIPG,1
GLGSVFGRLARILGRVIPKVAKKLGPKVAKVLPKVMKEAIPMAVEMAKSQEEQQPQ,1
WLNALLHHGLNCAKGVLA,1
IDWKKLLDAAKQIL,1
GFGCNGPWDEDDMQCHNHCKSIKGYKGGYCAKGGFVCKCY,1
KSCCRNTVARNCYNVCRIPGTPRPVCAATCDCKLITGTKCPPGYEK,1
KTCENLADTY,1
KGRGKQGGKVRAKAKTRSS,1
GFMKYIGPLIPHAVKAISDLI,1
FLIGMTQGLICLITRKC,1
GLFDVVKGVLKGVGKNVAGSLLEQLKCKLSGGC,1
VWPLGLVICKALKIC,1
GLFSVVTGVLKAVGKNVAKNVGGSLLEQLKCKKISGGC,1
FLPLLLAGLPLKLCFLFKKC,1
SIITMTKEAKLPQLWKQIACRLYNTC,1
SIITMTKEAKLPQSWKQIACRLYNTC,1
GLLSGILGAGKHIVCGLSGLC,1
GLFGKILGVGKKVLCGLSGMC,1
GLLSGILGAGKNIVCGLSGLC,1
GIMSLFKGVLKTAGKHVAGSLVDQLKCKITGGC,1
FLGSIVGALASALPSLISKIRN,1
NFLGTLVNLAKKIL,1
GIWDTIKSMGKVFAGKILQNL,1
GLLRASSVWGRKYYVDLAGCAKA,1
FLSLALAALPKFLCLVFKKC,1
FLSLALAALPKLFCLIFKKC,1
KRIVQRIKDFLRNLVPRTES,1
KSKEKIGKEFKRIVQRIKDFLRNLVPRTES,1
RKSKEKIGKEFKRIVQRIKDFLRNLVPRTES,1
LLGDFFRKSKEKIGKEFKRIVQR,1
FFPNVASVPGQVLLKKIFCAISKKC,1
FLPLIAGLAANFLPKIFCAITKKC,1
FLPVIAGVAAKFLPKIFCAITKKC,1
GLFSILKGVGKIALKGLAKNMGKMGLDLVSCKISKEC,1
GLLDTIKNTAKNLAVGLLDKIKCKMTGC,1
FWGALAKGALKLIPSLFSSFSKKD,1
GILSLFTGGIKALGKTLFKMAGKAGAEHLACKATNQC,1
GLFSILRGAAKFASKGLGKDLTKLGVDLVACKISKQC,1
DCLSGRYKGPCAVWDNETCRRVCKEEGRSSGHCSPSLKCWCEGC,1
RLKELITTGGQKIGEKIRRIGQRIKDFFKNLQPREEKS,1
KRFGRLAKSFLRMRILLPRRKILLAS,1
KRRHWFPLSFQEFLEQLRRFRDQLPFP,1
KRFHSVGSLIQRHQQMIRDKSEATRHGIRIITRPKLLLAS,1
AIGSILGALAKGLPTLISWIKNR,1
RTCMKKEGWGKCLIDTTCAHSCKNRGYIGGNCKGMTRTCYCLVNC,1
RTCMIKKEGWGKCLIDTTCAHSCKNRGYIGGNCKGMTRTCYCLVNC,1
GLLNGLALRLGKRALKKIIKRLCR,1
SLLSLIRKLIT,1
GVCRCLCRRGVCRCLCRR,1
GFCRCICTRGFCRCICTR,1
NVGVLNPPPLV,1
RWCVYAYVRVRGVLVRYRRCW,1
RWCVYAYVRIRGVLVRYRRCW,1
SFGLCRLRRGFCARGRCRFPSIPIGRCSRFVQCCRRVW,1
SFGLCRLRRGSCAHGRCRFPSIPIGRCSRFVQCCRRVW,1
GLVTSLIKGAGKLLGGLFGSVTGGQS,1
YPIKPEAPREDASPEELNRYYASLRHYLNLVTRQRY,1
GLFDIVGKLLGGLGL,1
CIKNGNGCQPDGSQGNCCSRYCHKEPGWVAGYCR,1
CIANRNGCQPDGSQGNCCSGYCHKEPGWVAGYCR,1
DIQIPGIKKPTHRDIIIPNWNPNVRTQPWQRFGGNKS,1
EADEPLWLYKGDNIERAPTTADHPILPSIIDDVKLDPNRRYA,1
DTLIGSCVWGATNYTSDCNAECKRRGYKGGHCGSFLNVNCWCE,1
DKLIGSCVWGATNYTSDCNAECKRRGYKGGHCGSFWNVNCWCEE,1
ETESTPDYLKNIQQQLEEYTKNFNTQVQNAFDSDKIKSEVNNFIESLGKILNTEKKEAPK,1
ENFFKEIERAGQRIRDAIISAAPAVETLAQAQKIIKGGD,1
ALWKDILKNAGKAALNEINQLVNQ,1
GKGRWLERIGKAGGIIIGGALDHL,1
GRRKRKWLRRIGKGVKIIGGAALDHL,1
GWGSIFKHGRHAAKHIGHAAVNHYL,1
RWGKWFKKATHVGKHVGKAALTAYL,1
GWKSVFRKAKKVGKTVGGLALDHYL,1
GWKKWFNRAKKVGKTVGGLAVDHYL,1
GWRLLLKKAEVKTVGKLALKHYL,1
GFWGKLFKLGLHGIGLLHLHL,1
GWKKWLRKGAKHLGQAAIK,1
GWKKWLRKGAKHLGQAAIKGLAS,1
FLGLLFHGVHHVGKWIHGLIHGHH,1
LIGPVLGLVGSALGGLLKKI,1
ACADLRGKTFCRLFKSYCDKKGIRGRLMRDKCSYSCGCR,1
DSHEKRHHGYRRKFHEKHHSHREFPFYGDYGSNYLYDN,1
RKFHEKHHSHREFPFYGDYGSNYLYDN,1
RKFHEKHHSHRGYRSNYLYDN,1
DSHAKRHHGYKRKFHEKHHSHRGYR,1
RKFHEKHHSHRGY,1
RKFHEKHHSHRGYR,1
RCVCTRGFCRCVCTRGFC,1
HHQELCTKGDDALVTELECIRLRISPETNAAFDNAVQQLNCLNRACAYRKMCATNNLEQAMSVYFTNEQIKEIHDAATACDPEAHHEHDH,1
CRFCCRCCPRMRGCGLCCRF,1
MTPFWRGVSLRPIGASCRDDSECITRLCRKRRCSLSVAQE,1
CIKNGNGCQPNGSQNGCCSGYCHKQPGWVAGYCRRK,1
FLPLIGKILGTIL,1
FLPLLASLFSRLF,1
GLFNVFKGLKTAGKHVAGSLLNQLKCKVSGGC,1
GIFNVFKGALKTAGKHVAGSLLNQLKCKVSGEC,1
SILPTIVSFLSKVF,1
SMISVLKNLGKVGLGFVACKVNKQC,1
FLGGLMKIIPAAFCAVTKKC,1
GLLSGILGAGKHIVCGLTGCAKA,1
ILGPVISTIGGVLGGLLKNL,1
CLAGRLDKQCTCRRSQPSRRSGHEVGRPSPHCGPSRQCGCHMD,1
KVNANAIKKGGKAIGKGFKVISAASTAHDVYEHIKNRRH,1
GKIPVKAIKKGGQIIGKALRGINIASTAHDIISQFKPKKKKNH,1
KVPIGAIKKGGKIIKKGLGVIGAAGTAHEVYSHVKNRH,1
KVPIGAIKKGGKIIKKGLGVLGAAGTAHEVYNHVRNRQ,1
KVPIGAIKKGGKIIKKGLGVIGAAGTAHEVYSHVKNRQ,1
KVPVGAIKKGGKAIKTGLGVVGAAGTAHEVYSHIRNRH,1
KGIGSALKKGGKIIKGGLGALGAIGTGQQVYEHVQNRQ,1
RCVCTRGFCRCICLLGIC,1
RCVCTRGFCRCFCRRGVC,1
SSMKLSFRARAYGFRGPGPQL,1
FLPLAVSLAANFLPKLFCKITKKC,1
FLPIVGKLLSGLSGLL,1
FLPIIAKVLSGLL,1
FLPFLKSILGKIL,1
FLPILASLAAKFGPKLFCLVTKKC,1
GRLRNLIEKAGQNIRGKIQGIGRRIKDILKNLQPRPQV,1
SLLGTVKDLLIGAGKSAAQSVLKGLSGKLSKDC,1
QLKVDLWGTRSGIQPEQHSSGKSDVRRWRSRY,1
FLPILASLAAKLGPKLFCLVTKKC,1
FLPILASLAATLGPKLLCLITKKC,1
GILSTFKGLAKGVAKDLAGNLLDKFKCKITGC,1
GIMDSVKGLAKNLAGKLLDSLKCKITGC,1
APPGARPPPGPPPPGPPPPGP,1
IDWKKVDWKKVSKKTCKVMLKACKFLG,1
DVKGMKKAIKGILDCVIEKGYDKLAAKLKKVIQQLWE,1
FLSGIVGMLGKLF,1
FLPIVTNLLSGLL,1
FLSHIAGFLSNLF,1
AGECVQGRCPSGMCCSQFGYCGRGPKYCGR,1
QWGRRCCGWGPGRRYCVRWC,1
QYGRRCCNWGPGRRYCKRWC,1
QQCGRQAGNRRCANNLCCSQYGYCGRTNEYCCTSQGCQSQCRRCG,1
ACIKNGGRCVASGGPPYCCSNYCLQIAGQSYGVCKKH,1
ELCEKASKTWSGNCGNTGHCDNQCKSWEGAAHGACHVRNGKHMCFCYFNC,1
KTCENLVDTYRGPCFTTGSCDDHCKNKEHLLSGRCRDDVRCWCTRNC,1
NTCENLAGSYKGVCFGGCDRHCRTQEGAISGRCRDDFRCWCTKNC,1
RVCMKGSAGFKGLCMRDQNCAQVCLQEGWGGGNCDGVMRQCKCIRQC,1
RECKTESNTFPGICITKPPCRKACISEKFTDGHCSKLLRRCLCTKPC,1
GLVTSLIKGAGKLLGGLFGSVTG,1
GLWSKIKEAAKAAGKAALNAVTGLVNQGDQPS,1
LLGMIPLAISAISALSKL,1
RTCENLADKYRGPCFSGCDTHCTTKENAVSGRCRDDFRCWCTKRC,1
RECKTESNTFPGICITKPPCRKACISEKFTDGHCSKILRRCLCTKPC,1
ATCKAECPTWDSVCINKKPCVACCKKAKFSDGHCSKILRRCLCTKEC,1
GTCKAECPTWEGICINKAPCVKCCKAQPEKFTDGHCSKILRRCLCTKPC,1
QNNICKTTSKHFKGLCFADSKCRKVCIQEDKFEDGHCSKLQRKCLCTKNC,1
QICKAPSQTFPGLCFMDSSCRKYCIKEKFTGGHCSKLQRKCLCTKPC,1
KDCKTESNTFPGICITKPPCRKACIKEKFTDGHCSKILRRCLCTKPC,1
KSTCKAESNTFPGLCITKPPCRKACLSEKFTDGKCSKILRRCICYKPC,1
SRWPSPGRPRPFPGRPKPIFRPRPCNCYAPPCPCDRW,1
GSNFCDSKCKLRCSKAGLADRCLKYCGICCEECKCVPSGTYGNKHECPCYRDKKNSKGKSKCP,1
YSYKKIDCGGACAARCRLSSRPRLCNRACGTCCARCNCVPPGTSGNTETCPCYASLTTHGNKRKCP,1
GIFSSRKCKTPSKTFKGICTRDSNCDTSCRYEGYPAGDCKGIRRRCMCSKPC,1
GIFSNMYARTPAGYFRGPAGYAAN,1
YVSCLFRGARCRVYSGRSCCFGYYCRRDFPGSIFGTCSRRNF,1
YITCLFRGARCRVYSGRSCCFGYYCRRDFPGSIFGTCSRRNF,1
KWKLFKKIGAVLKVL,1
DYDWSLRGPPKCATYGQKCRTWSPRNCCWNLRCKAFRCRPR,1
SMWSGMWRRKLKKLRNALKKKLKGE,1
GLFGKLIKKFGRKAISYAVKKARGKH,1
SWKSMAKKLKEYMEKLKQRA,1
SWASMAKKLKEYMEKLKQRA,1
GLKDKFKSMGEKLKQYIQTWKAKF,1
SLKDKVKSMGEKLKQYIQTWKAKF,1
GIPCGESCVWIPCISSAIGCSCKSKVCYRN,1
GIPCGESCVWIPCLTSAIGCSCKSKVCYRN,1
GLPVCGETCFGGTCNTPGCSCTWPICTRD,1
QQCGRQASGRLCGNRLCCSQWGYCGSTASYCGAGCQSQCR,1
GIPCGESCVWIPCISAAIGCSCKSKVCYRN,1
GTLPCGESCVWIPCISSVVGCSCKSKVCYKD,1
GGTIFDCGESCFLGTCYTKGCSCGEWKLCYGTN,1
ELPKLPDDKVLIRSRSNCPKGKVWNGFDCKSPFAFS,1
YLAFRCGRYSPCLDDGPNVNLYSCCSFYNCHKCLARLENCPKGLHYNAYLKVCDWPSKAGCT,1
ALYKKFKKKLLKSLKRLG,1
QDKCKKVYENYPVSKCQLANQCNYDCKLDKHARSGECFYDEKRNLQCICDYCEY,1
GRDYRTCLTIVQKLKKMVDKPTQRSVSNAATRVCRTGRSRWRDVCRNFMRRYQSRVTQGLVAGETAQQICEDLR,1
QTCASRCPRPCNAGLCCSIYGYCGSGAAYCGAGNCRCQCRG,1
DKLIGSCVWGAVNYTSNCNAECKRRGYKGGHCGSFANVNCW,1
QTCASRCPRPCNAGLCCSIYGYCGSGNAYCGAGNCRCQCRG,1
MINRTDCNENSYLEIHNNEGRDTLCFANAGTMPVAIYGVNWVESGNNVVTLQFQRNLSDPRLETITLQKWGSWNPGHIHEILSIRIY,1
AVRIGPCDQVCPRIVPERHECCRAHGRSGYAYCSGGGMYCN,1
PFKLSLHL,1
TPFKLSLHL,1
GIKDWIKGAAKKLIKTVASNIANQ,1
GFKDLLKGAAKALVKTVLF,1
QKKPPRPPQWAVGHFM,1
FSKYERQKDKRPYSERKNQYTGPQFLYPPERIPPQKVIKWNEEGLPIYEIPGEGGHAEPAAA,1
FNKLKQGSSKRTCAKCFRKIMPSVHELDERRRGANRWAAGFRKCVSSICRY,1
KFFRKLKKSVKKRAKEFFKKPRVIGVSIPF,1
ALKAALLAILKIVRVIKK,1
FASLLGKALKALAKQ,1
KGAPCAKKPCCGPLGHYKVDCSTIPDYPCCSKYGFCGSGPQYCG,1
KGGPCAKKPCCGPLGHYKVDCSTIPDYPCCSKYGFCGSGPQYCG,1
AVTCNTVVSSLAPCVPFFAGSAAQPTAACCNGVRSLNSAARTTPDRRTACNCIKSSASSIGLNYNKAAKLPSRCTVNVTVPISPSVNCAT,1
FLPKTLRKFFCRIRGGRCAVLNCLGKEEQIGRCSNSGRKCCRKKK,1
FMPIIGRLMSGSL,1
INMKASAAVAKKLL,1
GILDAIKAIAKAAG,1
GALRGCWTKSYPPKPCK,1
SAPRGCWTKSYPPKPCK,1
LVRGCWTKSYPPKPCFVR,1
GLMSVTKGVLKTAGKHIFKNVGGSLLDQAKCKISGQC,1
GLMSVLKGVLKTAGKHIFKNVGGSLLDQAKCKITGQC,1
GLMDVFKGAAKNLLASALDKIRCKVTKC,1
RWKIFKKIEKVGQNIRDGIVKAGPAVAVVGQAATI,1
RIGVLLARLPKLFSLFKLMGKKV,1
HFLGTLVNLAKKIL,1
RRTCHCRSRCLRRESNSGSCNINGRIFSLCCR,1
KSCCPNTTGRNIYNACRLTGAPRPTCAKLSGCKIISGSTCPSDYPK,1
RFIPPILRPPVRPPFRPPFRPPFRPPPIIRFFGG,1
IRNSLTCRFNFGICLPKRCPGRMRQIGTCF,1
AALKGCWTKSIPPKPCFGKR,1
GVLGAVKDLLIGAGKSAAQSVLKTLSCKLSNDC,1
GFLDTFKNLALNAAKSAGVSVLNSLSCKLFKTC,1
GLGGAKKNFIIAANKTAPQSVKKTFSCKLYNG,1
GFMDTAKNVAKNVAVTLIDNLKCKITKAC,1
FMPILSCSRFKRC,1
GIFGKILGVGKKVLCGLSGWC,1
GLFTLIKCAYQLIAPTVACN,1
GLFTLIKGAAKLIGKTVPKKQARLGMNLWLVKLPTNVKT,1
ATAVDFGPHGLLPIRPIRIRPLCGKDKS,1
DEKGPKWKR,1
GFSPNLPGKGLRIS,1
VIPFVASVAAEMMQHVYCAASKKC,1
GLLSGILGAGKHIVCGLSGPCQSLNRKSSDVEYHLAKC,1
FLPPSPWKETFRTS,1
TSRCYIGYRRKVVCS,1
GCSRWIIGIHGQICRD,1
GLLSGTSVRGSI,1
GLFGKSSVVGRKYYVDLAGCAKA,1
GLLSGILGAGKHIICGLSGLC,1
GLLSGILGAGKQKVCGLSGLC,1
GLLSGILGAGKHIVCGLSGLK,1
GLLSGVLGVGKKVDCGLSGLC,1
APGNKAECEREKGYCGFLKCSFPFVVSGKCSRFFFCCKNIW,1
GFIFHIIKGLFHAGKMIHGLV,1
KQQLATEAESAGPIL,1
RTCESQSHRFKGTCVRQSNCAAVCQTEGFHGGNCRGFRRRCFCTKHC,1
IFGAILPLALGALKNLIK,1
FLSFPTTKTYFPHFDLSHGSAQVKGHGAK,1
SVAGRAQGM,1
FFGTALKIAANVLPTAICKILKKC,1
FFGTALKIAANILPTAICKILKKC,1
KTCMTKKEGWGRCLIDTTCAHSCRKYGYMGGKCQGITRRCYCLLNC,1
ATCDLLSGFGVGDSACAAHCIARRNRGGYCNAKKVCVCRN,1
ATCDLASGFGVGSSLCAAHCIARRYRGGYCNSKAVCVCRN,1
ATCDLLSAFGVGHAACAAHCIGHGYRGGYCNSKAVCTCRR,1
GVTITVKPPFPGCVFYECIANCRSRGYKNGGYCTINGCQCLR,1
SKCKCSRKGPKIRYSDVKKLEMKPKYPHCEEKMVIITTKSVSRYRGQEHCLHPKLQSTKRFIKWYNAWNEKRRVYEE,1
AELRCMCIKTTSGIHPKNIQSLEVIGKGTHCNQVEVIATLKDGRKICLDPDAPRIKKIVQKKLAGDES,1
NLAKGKEESLDSDLYAELRCMCIKTTSGIHPKNIQSLEVIGKGTHCNQVEVIATLKDGRKICLDPDAPRIKKIVQKKLAGDES,1
SCTCRRAWICRWGERHSGKCIDQKGSTYRLCCRR,1
YDLSKNCRLRGGICYIGKCPRRFFRSGSCSRGNVCCLRFG,1
ILPFVAGVAAEMMQHVYCAASKKC,1
SFLDTLKNLAISAAKGAGQSVLSTLSCKLSKTC,1
SVLGTVKDLLIGAGKSAAQSVLTALSCKLSNSC,1
GVFTLIKGATQLIGKTLGKELGKTGLELMACKITNQC,1
GLLSSFKGVAKGVAKDLAGKLLEKLKCKITGC,1
GIMDSVKGVAKNLAAKLLEKLKCKITGC,1
FLPAIVGAAAKFLPKIFCAISKKC,1
FLPIIAGVAAKVLPKIFCAISKKC,1
FLPIIAGIAAKFLPKIFCTISKKC,1
FLPVIAGVAANFLPKLFCAISKKC,1
FLPIIAGAAAKVVQKIFCAISKKC,1
FLPIIAGAAAKVVEKIFCAISKKC,1
FLPILAGLAAKLVPKVFCSITKKC,1
FLPILAGLAANILPKVFCSITKKC,1
FFPIIAGMAAKLIPSLFCKITKKC,1
FLPIIAGMAAKVICAITKKC,1
FFPIIAGMAAKVICAITKKC,1
FLSAITSILGKFF,1
FMGSALRIAAKVLPAALCQIFKKC,1
VGKTWIKVIRGIGKSKIKWQ,1
GFGCPLNQGACHNHCRSIGRRGGYCAGIIKQTCTCYRK,1
AQRCGDQARGAKCPNCLCCGKYGFCGSGDAYCGAGSCQSQCRGC,1
AQRCGDQARGAKCPNCLCCGKYGFCGSGDAYCGAGSCQSQCRGCR,1
RPKPQQFFGLM,1
QLYENKPRRPYIL,1
RPPGFSPFR,1
YPSKPDNPGEDAPAEDMARYYSALRHYINLITRQRY,1
ECWMDGHCRLLCKDGEDSIIRCRNRKRCC,1
ACDTATCVTHRLAGLLSRSGGVVKNNFVPTNVGSKAF,1
HSDAVFTDNYTRLRKQMAVKKYLNSILN,1
PMPVSQECFETLRGHERILSILRHQNLLKELQDLALQGAKERAHQQ,1
LRQSQFVGSR,1
AAGMGFFGAR,1
QWGYGGYGRGYGGYGGYGRGYGGYGGYGRGYGGYGRGMYGGYGRPYGGYGWGK,1
GHHPHGHHPHGHHPHGHHHPH,1
IPPFIKKVLTTVF,1
FLPIVGRLISGIL,1
ELCEKASQTWSGTCGKTKHCDDQCKSWEGAAHGACHVRDGKHMCFCYFNC,1
FLPKMSTKLRVPYRRGTKDYH,1
GILKKFMLHRGTKVYKMRTLSKRSH,1
SSFSPPRGPPGWGPPCVQQPCPKCPYDDYKCPTCDKFPECEECPHISIGCECGYFSCECPKPVCEPCESPIAELIKKGGYKG,1
RFRLPFRRPPIRIHPPPFYPPFRRFL,1
TYMPVEEGEYIVNISYADQPKKNSPFTAKKQPGPKVDLSGVKAYGPG,1
AVDFSSCARMDVPGLSKVAQGLCISSCKFQNCGTGHCEKRGGRPTCVCDRCGRGGGEWPSVPMPKGRSSRGRRHS,1
DIDFSTCARMDVPILKKAAQGLCITSCSMQNCGTGSCKKRSGRPTCVCYRCANGGGDIPLGAL,1
SWLSKTYKKLENSAKKRISEGIAIAIQGGPR,1
SWLSKTAKKLENSAKKRISEGIAIAIKGGSR,1
SWLSKTYKKLENSAKKRISEGVAIAILGGLR,1
RVCMKGSQHHSFPCISDRLCSNECVKEEGGWTAGYCHLRYCRCQKAC,1
KRRGSVTTRYQFLMIHLLRPKKLFA,1
FFFLSRIF,1
GILSGVLGMGKKIVCGLSGLC,1
IFGAIAGLLKNIF,1
FFGHLFKLATKIIPSLFQ,1
GVIKSVLKGVAKTVALGML,1
DCLSGKYKGPCAVWDNEMCRRICKEEGHISGHCSPSLKCWCEGC,1
RMCKTPSGKFKGYCVNNTNCKNVCRTEGFPTGSCDFHVAGRKCYCYKPCP,1
DFGCGQGMIFMCQRRCMRLYPGSTGFCRGFRCMCDTHIPLRPPFMVG,1
ATYDGKCYKKDNICKYKAQSGKTAICKCYVKVCPRDGAKCEFDSYKGKCYC,1
AKYTGKCTKSKNECKYKNDAGKDTFIKCPKFDNKKCTKDNNKCTVDTYNNAVDCD,1
SKYGGECSVEHNTCTYLKGGKDHIVSCPSAANLRCKTERHHCEYDEHHKTVDCQTPV,1
LSKFGGECSLKHNTCTYLKGGKNHVVNCGSAANKKCKSDRHHCEYDEHHKRVDCQTPV,1
GWLRKLGKKIERIGQHTRDASIQVLGIAQQAANVAATAR,1
DSHEERRQGRHGHHEYGRKFHEKHHSHRGY,1
DSHEKRHHEHRRKFHEKHHSHRGY,1
GIHDILKYGKPS,1
AQEPVKGPVSTKPGSCPIILIRCAMLNPPNRCLKDTDCPGIKKCCEGSCGMACFVPQ,1
FLSLIPHIVSGVASIAKHF,1
CIAKGNGCQPSGVQGNCCSGHCHKEPGWVAGYCK,1
GWANTLKNVAGGLCKITGAA,1
VGECVRGRCPSGMCCSQFGYCGKGPKYCG,1
KSCCRSTQARNIYNAPRFAGGSRPLCALGSGCKIVDDKKTPPND,1
KSCCRSTTARNIYNGCRVPGTARPVCAKKSGCKIQEAKKCEPPYD,1
AQCGAQGGGATCPGGLCCSQWGWCGSTPKYCGAGCQSNCK,1
AQCGAQGGGATCPGGLCCSQWGWCGSTPKYCGAGCQSNCR,1
KCWNLRGSCREKCIKNEKLYIFCTSGKLCCLKPKFQPNMLQR,1
CRQSCSFGPFTFVCDGNTK,1
WRSLGRTLLRLSHALKPLARRSGW,1
GLGSLLGKAFKIGLKTVGKMMGGAPREQ,1
INWLKLGKMVIDAL,1
RIKRFWPVVIRTVVAGYNLYRAIKKK,1
GAFGNFLKGVAKKAGLKILSIAQCKLSGTC,1
GAFGNFLKGVAKKAGLKILSIAQCKLFGTC,1
GKLNLFLSRLEILKLFVGAL,1
FFHHIFRGIVHVGKTIHKLVTG,1
YKQCHKKGGHCFPKEKICLPPSSDFGKMDCRWRWKCCKKGSG,1
NALSMPRNKCNRALMCFG,1
NALSSPRNKCDRASSCFG,1
ACYCRIPACLAGERRYGTCFYLGRVWAFCC,1
ACYCRIPACLAGERRYGTCFYRRRVWAFCC,1
RRTCRCRFGRCFRRESYSGSCNINGRIFSLCCR,1
RTCRCRFGRCFRRESYSGSCNINGRIFSLCCR,1
RRTCRCRFGRCFRRESYSGSCNINGRISSLCCR,1
RTCRCRFGRCFRRESYSGSCNINGRISSLCCR,1
RRICRCRIGRCLGLEVYFGVCFLHGRLARRCCR,1
RICRCRIGRCLGLEVYFGVCFLHGRLARRCCR,1
RTCRCRLGRCSRRESYSGSCNINGRIYSLCCR,1
ACYCRIPACFAGERRYGTCFYLGRVWAFCC,1
RCVCRRGVCRCVCTRGFC,1
GICRCICTRGFCRCICVL,1
GICRCLCRRGVCRCICVL,1
DAEFRHDSGYEVHHQKLVFFAEDVGSNKGAIIGLMVGGVV,1
DAEFRHDSGYEVHHQKLVFFAEDVGSNKGAIIGLMVGGVVIA,1
KTCENLADTYKGPCFTTGSCD,1
ITCQQVTSELGPCVPYLTGQGIP,1
GRILSFIKGLAEHL,1
ILGIITSLLKSLGKK,1
KDLHTVVSAILQAL,1
NEMGGPLVVEARTCESQSHKFKGTCLSDTNCANVCHSERFSGGKCRGFRRRCFCTTHC,1
KLCERSSGTWSGVCGNNNACKNQCIRLEGAQHGSCNYVFPAHKCICYFPC,1
QKLCERSSGTWSGVCGNNNACKNQCINLEGARHGSCNYIFPYHRCICYFPC,1
KTCENLSGTFKGPCIPDGNCNKHCRNNEHLLSGRCRDDFRCWCTNRC,1
KLCERSSGTWSGVCGNNNACKNQCINLEGARHGSCNYVFPYHRCICYFPC,1
KLCERPSGTWSGVCGNNNACKNQCINLEKARHGSCNYVFPAHKCICYFPC,1
KLCQRPSGTWSGVCGNNNACKNQCINLEKARHGSCNYVFPAHKCICYFPC,1
KLCERPSGTWSGVCGNSNACKNQCINLEKARHGSCNYVFPAHKCICYFPC,1
KFCEKPSGTWSGVCGNSGACKDQCIRLEGAKHGSCNYKPPAHRCICYYEC,1
KFCEKPSGTWSGVCGNSGACKDQCIRLEGAKHGSCNYKLPAHRCICYYEC,1
SPAGCRFCCGCCPNMRGCGVCCRF,1
RIFSKIGGKAIKNLILKGIKNIGKEVGMDVIRTGIDVAGCKIKGEC,1
GIFSLIKGAAKLITKTVAKEAGKTGLELMACKVTNQC,1
GFMDTAKNVAKNVAVTLLDKLKCKITGGC,1
SLLDTFKNLAVNAAKSAGVSVLNALSCKISRTC,1
GIFSTVFKAGKGIVCGLTGLC,1
GILGTVFKAGKGIVCGLTGLC,1
SRSGRGSGKGGRGGSRGSSGSRGSKGPSGSRGSSGSRGSKGSRGGRSGRGSTIAGNGNRNNGGTRTA,1
GIFSALAAGVKLLGNTLFKMAGKAGAEHLACKATNQC,1
FLPVLTGLTPSIVPKLVCLLTKKC,1
FLPVLAGLTPSIVPKLVCLLTKKC,1
GIGTKFLGGVKTALKGALKELASTYVN,1
GIGGALLSAGKAALKGLAKVLV,1
GIGGALLSVGKLALKGLANVLADKFAN,1
ILGPVIKTIGGVIGGLLKNL,1
LVQRGRFGRFLKKVRRFIPKVIIAAQIGSRFG,1
RVRRFWPLVPVAINTVAAGINLYKAIRRK,1
RWKIFKKIEKVGRNVRDGIIKAGPAVAVVGQAATVVK,1
VTCELLMFGGVVGDSACAANCLSMGKAGGSCNGGLCDCRKTTFKELWDKRFG,1
GSGRGSCRSQCMRRHEDEPWRVQECVSQCRRRRGGGD,1
KSLRPRCWIKIKFRCKSLKF,1
RPRCWIKIKFRCKSLKF,1
KICERASGTWKGICIHSNDCNNQCVKWENAGSGSCHYQFPNYMCFCYFDC,1
KICERASGTWKGICIHSNDCNNQCVKWENAGSGSCHYQFPNYMCFCYFNC,1
DSMGAVKLAKLLIDKMKCEVTKAC,1
GFMDTAKNVAKNVAATLLDKLKCKITGGC,1
GILSTVFKAGKGIVCGLSGLC,1
FLPGVLRLVTKVGPAVVCAITRNC,1
GKLQAFLAKMKEIAAQTL,1
GRLQAFLAKMKEIAAQTL,1
HPHVCTSYYCSKFCGTAGCTRYGCRNLHRGKLCFCLHCSR,1
FLWGLIPGAISAVTSLIKK,1
LMCTHPLDCSN,1
DFGCARGMIFVCMRRCARMYPGSTGYCQGFRCMCDTMIPIRRPPFIMG,1
RYCERSSGTWSGVCGNSGKCSNQCQRLEGAAHGSCNYVFPAHKCICYYPC,1
QKLCERPSGTWSGVCGNNNACRNQCINLEKARHGSCNYVFPAHKCICYFPC,1
RYCERSSGTWSGVCGNTDKCSSQCQRLEGAAHGSCNYVFPAHKCICYYPC,1
QKLCERPSGTWSGVCGNNGACRNQCIRLERARHGSCNYVFPAHKCICYFPC,1
VIVFVASVAAEMMQHVYCAASKKC,1
FLPAVIRVAANVLPTAFCAISKKC,1
LPFVAGVAAEMMQHVYCAASKKC,1
FLPKLFAKITKKNMAHIR,1
IDPFVAGVAAEMMQHVYCAASKKC,1
INPFVAGVAAEMMQHVYCAASKKC,1
ILPFVAGVAAEMMKHVYCAASKKC,1
IIPFVAGVAAEMMEHVYCAASKKC,1
QLPFVAGVACEMCQCVYCAASKKC,1
ILPFVAGVAAEMMEHVYCAASKKC,1
ILPFVAGVAAMEMEHVYCAASKKC,1
FLPAVLLVATHVLPTVFCAITRKC,1
LAFVAGVAAEMMQHVYCAASKKC,1
GILDTFKNMALNAAKSAGVSVLNALSCKLSKTC,1
GLLDTFKNMALNAAKSAGVSVLNALSCKLSKTC,1
GLLDTFKNMAINAAHGAGVSVLNALSCKLKKTC,1
GLLDTFKNLAINAAESAGVSVLNSLSCKLSKTC,1
GLLDGILNANFNAAKSAGTSVLNALSCKLSKTC,1
GVLATVKNLLIGTGDGAAQSVLKTLSCKLSNDC,1
GVLGTVKDLLIGAGKSAAQSTLKTLSCKISNDC,1
GVLATVKNLLNGTGDGAAQSVLKTLSCKLSNDC,1
FIFPKKNIINSLFGR,1
GLLDTIKNMALNAAKSAGVSVLNSLSCKLSKTC,1
GLIDTIKNMALNAAKSAGVSVLNTLSCKLSKTC,1
SVLGTVKDLLIGAGKSAAQSVLTANSCKLSNSC,1
SFLDTLKNLAISAAKGAGQSVLSTLSCKLSETC,1
GLLDTIKNMALNAAKSAGVSVLNSLSCKDSKTC,1
GLLDTIKNMALNAAKSAGVSVLNTLSCKLSKTC,1
TSRCIFYRRKKCS,1
SFLSTFKELAINAAKNAGQSILHTLSCKLDKTC,1
SFLSTFKELAINAAKNAGQSLLHTLSCKLDKTC,1
SVMGTVKDLLIGAGKSAAQSVLKSLSCKISNDC,1
SVMGTVKDLLIGAGKSAAQSVLKSLSCKLSNDC,1
SVMGTVKDLLIGAGKSAAQSVLKALSCKLSKDC,1
GLFSKFVGKGIKNFLIKGVKHIGKEVGMDVIRVGIDVAGCKIKGVC,1
GLFSKFSGKGIKNFLIKGVKHIGKEVGMDVIRTGIDVAGCKIKGEC,1
GLFSKFAGKGIKDLIFKGVKHIGKEVGMDVIRVGIDVAGCKIKGVC,1
GLFTKFAGKGIKDLIFKGVKHIGKEVGMDVIRVGIDVAGCKIKGVC,1
GLFSKFAGKGIKNFLIKGVKHIGKEVGMDVIRVGIDVAGCKIKGVC,1
ATNIPFKVHFRCKAAFC,1
GIFSKISGKAIKNLFIKGAKNVGKEVGMDVVRTGIDVVGCKIKGEC,1
AVNIPFKVHFRCKAAFC,1
GIFSKISGKAIKNLFIKGAKNVGKRVGMDVVRTGMDVVGCKIKGEC,1
GIFSKISGKAIKNLFIKGAENVGKHVGIDVVRTGIDVVGCKIKGEC,1
GIFSKISGKAIKNLFIKGAKNVGKEVGIDVVRTGMDVVGCKIKGEC,1
GIFTLIKGAAKLIGKTVAKEAGKTGLELMACKITNQC,1
GLFTLIKGAAKLIGKTTAKEAGKTGKLEMACKITNQC,1
GFMNTAKNVAKNVAVTLLDNLKCKITGGC,1
GLFTLIKGAYKNDAPTVACN,1
GVFTLIKGATQLIGKTLGKEVGKTGLELMACKITKQC,1
GVFTLLKGATQLIGKTLGKELGKTGLELMACKITNQC,1
GVFTLIKGATQLIGKTLGKELGKTGLELMACKITEQC,1
GVFTLIKGATQLIGKTLGKELGKTGLEIMACKITKQC,1
GLFSKFAGKGIVNFLIEGVE,1
GLLSGVLGVGKKIVCGLSGLC,1
GIFGKILGVGKKTLCELSGMC,1
GIFLKVLGVGKKVLCGVSGLC,1
GLISGILGVGKKLVCGLSGLC,1
GLISGILGVGKMLVCGLSGLC,1
GLISGLLGVGKMLVCGLSGLC,1
GLFTLIKGAYKLDAPTVACN,1
GILGNIVGMGKKIVCGLSGLC,1
GILGNIVGMGKKVVCGLSGLC,1
GILSGVLGMGKKIVCGLRGLC,1
GILGNIVGMGKQVVCGLSGLC,1
VVKCSYRLGSPDSQCN,1
GFMDTAKNVAKNMAGNLLDNLKCKITKAC,1
GFMDTAKNVAKNMAVTLLDNLKCKITKAC,1
GFMDTAKNVAKNEAGNLLDNLKCKITKAC,1
GFMATAKNVAKNMDVTLLDNLKCKITKAC,1
RFIYMKGFGKPRFGKR,1
IPWKLPATFRPVERPFSKPFCRKD,1
AAPRGGKGFFCKLFKDC,1
AALRGCWTKSIPPKPCPGKR,1
SALVGCWTKSYPPNPCFGRG,1
GMWSKILGHLIR,1
GKWMSLLKHILK,1
VIGSILGALASGLPTLISWIKNR,1
FKTWKRPPFQTSCWGIIKE,1
DCTRWIIGINGRICRD,1
SLWETIKNAGKGFIQNLDKIR,1
SLWETIKNAGKGFILNILDKIRCKVAGGCKT,1
FIGPVLKIAAGILPTAICKIFKKC,1
FVGPVLKIAAGILPTAICKIYKKC,1
FLGPIIKIATGILPTAICKFLKKC,1
SIRDKIKTIAIDLAKSAGTGVLKTLICKLDKSC,1
SIRDKIKTIAIDLAKSAGMGILKTLICKLDKSC,1
SIRDKIKTIAIDLAKSAGTGVLKTLICKLNKSC,1
FLPLVLGALSGILPKIL,1
FFPLLFGALSSHLPKLF,1
FALGAVTKLLPSLLCMITRKC,1
FALGAVTKRLPSLFCLITRKC,1
GFGMALKLLKKVL,1
GTGLPMSERRKIMLMMR,1
GLPRKILCAIAKKKGKCKGPLKLVCKC,1
AILTTLANWARKFL,1
NILNTIINLAKKIL,1
FLPLIASLAANFVPKIFCKITKKC,1
FLPLIASVAANLVPKIFCKITKKC,1
ACQCPDAISGWTHTDYQCHGLENKMYRHVYAICMNGTQVYCRTEWGSSC,1
IKLSPETKDNLKKVLKGAIKGAIAVAKMV,1
LKIPGFVKDTLKKVAKGIFSAVAGAMTPS,1
IKIPAVVKDTLKKVAKGVLSAVAGALTQ,1
IKIPAFVKDTLKKVAKGVISAVAGALTQ,1
GPVGLLSSPGSLPPVGGAP,1
EGPVGLADPDGPASAPLGAP,1
MLCKLSMFGAVLGVPACAIDCLPMGKTGGSCEGGVCGCRKLTFKILWDKKFG,1
VTCDVLSFEAKGIAVNHSACALHCIALRKKGGSCQNGVCVCRN,1
VAKCTEESGGKYFVFCCYKPTRICYMNEQKCESTCIGK,1
IFGAIWNGIKSLF,1
GGKCTVDWGGQGGGRRLPSPLFCCYKPTRICYLNQETCETETCP,1
ANKCIIDCMKVKTTCGDECKGAGFKTGGCALPPDIMKCCHNC,1
GKVKVGVNGFGRIGRLVTRAAFNSGKVDIVA,1
HTPTPTPICKSRSHEYKGRCIQDMDCNAACVKESESYTGGFCNGRPPFKQCFCTKPCKRERAAATLRWPGL,1
FLSTLLKVAFKVVPTLFCPITKKC,1
FFPIVGKRLYGLL,1
FLPLFLPKIICVITKKC,1
RYCLSQSHRFKGLCMSSSNCANVCQTENFPGGECKADGATRKCFCKKIC,1
RHRHCFSQSHKFVGACLRESNCENVCKTEGFPSGECKWHGIVSKCHCKRIC,1
KPFKKLEKVGRNIRDGIIKAGPAVAVIGQATSIARPTGK,1
VSCGDVTSSIAPCLSYVMGRESSPSSSCCSGVRTLNGKASSSADRRTACSCLKNMASSFRNLNMGNAASIPSKCGVSVAFPISTSVDCSKIN,1
EQCREEEDDR,1
DPQTECQQCQRRCRQQESGPRQQQYCQRRCKEICEEEEEYN,1
RQRDPQQQYEQCQKHCQRRETEPRHMQTCQQRCERRYEKEKRKQQKRYEEQQREDEEKYEERMKEEDN,1
KRDPQQREYEDCRRRCEQQEPRQQHQCQLRCREQQRQHGRGGDMMNPQRGGSGRYEEGEEEQS,1
KSCCKSTLGRNCYNLCRARGAQKLCANVCRCKLTSGLSCPKDFPK,1
FLPAVIRVAANVLPTVFCAISKKC,1
GIFGKILGAGKKVLCGLSGLC,1
GIFGKILGVGKKVLCGLSGMC,1
DHYLCVKNEGICLYSSCPSYTKIEGTCYGGKAKCCK,1
FFHHIFRGIVHVGKTIHKLVTGT,1
FFHHIFRGIVHVGKTIHRLVTGT,1
TPALAVVTTVLPAAAVTTAKSV,1
FLPFVGNLLKGLL,1
SLFSIFKTAAKFVGKNLLKQAGKAGLETLACKAKNEC,1
GLWNTIKEAGKKFAINVLDKIRCGIAGGCKT,1
FLSTALKVAANVVPTLFCKITKKC,1
FLPIVAGLAANFLPKIVCKITKKC,1
FLSTLLNVASNVVPTLICKITKKC,1
FLSTLLNVASKVVPTLFCKITKKC,1
FLPMLAGLAANFLPKIVCKITKKC,1
GILDKLKEFGISAARGVAQSLLNTTASCKLAKTC,1
TFPKCAPTRPPGPKPCDINNFKSKFWHIWRA,1
SYFSAWAGPGCNNHNARYSKCGCSNIGHNVHGGYEFVYQGQTAAAYNTDNCKGVAQTRFSSSVNQACSNFGWKSVFIQC,1
QDNSRYTHFLTQHYDAKPQGRDDRYCESIMRRRGPTSPCKDINTFIHGNKRSIKAICENKNGNPHRENLRISKSSFQVTTCKLHGGSPWPPCQYRATAGFRNVVVACENGLPVHLDQSIFRRPRP,1
YCERMMKRRSLTSPCKDVNTFIHGNKSNIKAICGANGSPYRENLRMSKSPFQVTTCKHTGGSPRPPCQYRASAGFRHVVIACENGLPVHFDESFFSL,1
KPKGMTSSQWFKIQHMQPSPQACNSAMKNINKHTKRCKDLNTFLHEPFSSVAATCQTPKIACKNGDKNCHQSHGAVSLTMCKLTSGKYPNCRYKEKRQNKSYVVACKPPQKKDSQQFHLVPVHLDRVL,1
SNFDCCLGYTDRILHPKFIVGFTRQLANEGCDINAIIFHTKKKLSVCANPKQTWVKYIVRLLSKKVKNM,1
VPLSRTVRCTCISISNQPVNPRSLEKLEIIPASQFCPRVEIIATMKKKGEKRCLNPESKAIKNLLKAVSKERSKRSP,1
SGKSFKAGVCPPKKSAQCLRYKKPECQSDWQCPGKKRCCPDTCGIKCLDPVDTPNPTRRKPGKCPVTYGQCLMLNPPNFCEMDGQCKRDLKCCMGMCGKSCVSPVKA,1
KPKDMTSSQWFKTQHVQPSPQACNSAMSIINKYTERCKDLNTFLHEPFSSVAITCQTPNIACKNSCKNCHQSHGPMSLTMGELTSGKYPNCRYKEKHLNTPYIVACDPPQQGDPGYPLVPVHLDKVV,1
SGTSEKERESGRLLGVVKRLIVCFRSPFP,1
FFPLLFGALSSMMPKLF,1
FIGPVLKMATSILPTAICKGFKKC,1
FLGPIIKMATGILPTAICKGLKKC,1
SIRDKIKTMAIDLAKSAGTGVLKTLICKLDKSC,1
SIRDKGKTIAIDLAKSAGTGVLKTLMCKLDKSC,1
GFSSIFRGVAKFASKGLGKDLAKLGVDLVACKISKQC,1
GLMDTVKNAAKNLAGQLLDRLKCKITGC,1
GLMDTIKGVAKNVAASLLEKLKCKVTGC,1
FLPIIAGVAAKVLPKLFCAITKKC,1
FLPVIAGLAAKVLPKLFCAITKKC,1
FFPTIAGLTKLFCAITKKC,1
YVPKIPKPQPNKPNFPSFPGHGPFNPHASRFPRSPKDNGKIVFDAKKEGGKTQWNVETQQKVWGNKHGSIHVSAGAGKQPGGKPQGQVGIGGSFSWGK,1
NVTPATKPTPSKPGYCRVMDELILCPDPPLSKDLCKNDSDCPGAQKCCYRTCIMQCLPPIFRE,1
ILSAIWSGIKSLF,1
SLQPGAPNFPIPGQEKQEGWKFDPSLTRGEDGNTLGSINIHHTGPNHEVGANWDKVIRGPGKAKPTYSIHGSWRW,1
SLQPGAPKLPYAWSRKQEGWKFDPSLTRGEDGNTLGSINIHHTGRNHEVGANWNKVIRGPGKAKPTYSIHGSWRW,1
FIHHIIGGLFSAGKAIHRLIRRRRR,1
FIHHIIGGLFSVGKHIHGLIHGH,1
IWDAIFHGAKHFLHRLVNPGGKDAVKDVQQKQ,1
LLRHVVKILEKYL,1
YSLQMGATAIKQVKKLFKKKGG,1
QGWEAVAAAVASKIVGLWRNEKTELLGHECKFTVKPYLKRFQVYYKGRMWCPGWTAIRGEASTRSQSGVAGKTAKDFVRKAFQKGLISQQEANQWLSS,1
YEALVTSILGKLTGLWHNDSVDFMGHICYFRRRPKIRRFKLYHEGKFWCPGWAPFEGRCKYCVVF,1
YEALVTSILGKLTGLWHNDSVDFMGHICYFRRRPKIRRFKLYHEGKFWCPGWAPFEGRSRTKSRSGSSREATKDFVRKALQNGLVTQQDASLWLN,1
GGWLDIVKAIVVPAARETIKTQEITLLDHYCTLSRSPYIKSLELHYRAEVTCPGWTIIRGRGSNHRNPTNSGKDALKDFMTQAVAAGLVTKEEAAPWLN,1
TDTNVIGECFDEWSRCHRQTRWWTKILFQSCENRCKCKVQLMGNCIKVPFKCFLWKQKRFMCECYGPISGTKPWYCGWEL,1
FTCAISCDIKVNGKPCKGSGEKKCSGGWSCKFNVCVKV,1
KIKIPWGKVKDFLVGGMKAV,1
TDHQMAQSACIGVSQDNAYASAIPRDCHGGKTCEGICADATATMDRYSDTGGPLSIARCVNAFHFYKRRGEENVSYKPFVVSWKYGVAGCFYTHCGPNFCCCIS,1
FLPFLIPALTSLISSL,1
RRSKARGGSRGSKMGRKDSKGGSRGRPGSGSRPGGGSSIAGASRGDRGGTRNA,1
LLGMIPLAISAISSLSKL,1
LNWGAILKHIIK,1
LDVKKIICVACKIKPNPACKKICPK,1
LDVKKIICVACKIRPNPACKKICPK,1
DRCTKRYGRCKRDCLESEKQIDICSLPRKICCTEKLYEEDDMF,1
GNEGGGHGGHGGYGGYHHHGGGGGGYGGYHGGGGS,1
MQQRGLAIVALAVCAALHASEAILPIASSCCTEVSHHISRRLLERVNMCRIQRADGDCDLAAVILHVKRRRICVSPHNHTVKQWMKVQAAKKNGKGNVCHRKKHHGKRNSNRAHQGKHETYGHKTPY,1
PPSTACCTQLYRKPLSDKLLRKVIQVELQEADGDCHLQAFVLHLAQRSICIHPQNP,1
FQTSEAILPMASSCCTEVSHHVSGRLLERVSSCSIQRADGDCDLAAVILHVKRRRICISPHNRTLKQWMRASEVKKNGRENVCSGKKQPSRKDRKGHTTRKHRTRGTHRHEASR,1
TVVTNA,1
TVVTQA,1
TVYTNA,1
TVYTQA,1
ELTEAQRRGLQVALEEFHKHPPVQWAFQETSVESAVDTPFPAGIFVRLEFKLQQTSCRKRDWKKPECKVRPNGRKRKCLACIKLGSEDKVLGRLVHCPIETQVLREAEEHQETQCLRVQRAGEDPHSFYFPGQFAFS,1
PAAAAQAVAGLAPVAAEQ,1
KAYSMPRCKGGFRAVMCWL,1
KAYSTPRCKGLFRALMCWL,1
KAYSMPRCKYLFRAVLCWL,1
KIKFLKVLT,1
RKCNFLCKLKEKLRTVITSHIDKVLRPQG,1
DVYKGGGGGRYGGGRYGGGGGYGGGLGGGGLGGGGLGGGKGLGGGGLGGGGLGGGGLGGGGLGGGKGLGGGGLGGGGLGGGGLGGGGLGGGKGLGGGGLGGGGLGGGRGGGYGGGGGYGGGYGGGYGGGKYK,1
DVYKGGGGGRYGGGRYGGGGGYGGGLGGGGLGGGGLGGGKGLGGGGLGGGGLGGGGLGGGGLGGGKGLGGGGLGGGGLGGGGLGGGGLGGGKGLGGGGLGGGGLGGGRGGYGGGGYGGGYGGGYGGGKYK,1
GWLKKIGKKIERVGQHTRGLGIAQIAANVAATAR,1
GILGKLWEGFKSIV,1
IFGAIWKGISSLL,1
FLSTIWNGIKSLL,1
FIPLVSGLFSRLL,1
FCHLCEDLIKDGKEAGDVALDVWLDEEIGSRCKDFGVLASECFKELKVAEHDIWEAIDQEIPEDKTCKEAKLC,1
RKGWFKAMKSIAKFIAKEKLKEHL,1
PKRKAEGDAKGDKAKVKDEPQRRSARLSAKPAPPKPEPKPKKAPAKKGEKVPKGKKGKADAGKEGNNPAENGDAKTDQAQKAEGAGDAK,1
FLGMIPGLIGGLISAFK,1
GYGDGCYSEDDLSVCCKKKFKVIGKCFKSVRECQNSGCKYH,1
KYALMKKIAELIPNLKSRQVK,1
TWATIGKTIVQSVKKCRTFTCGCSLGSCSNCN,1
VKLFPVKLFP,1
LEYKGECFTKDNTCKYKIDGKTYLAKCPSAANTKCEKDGNKCTYDSYNRKVKCDFRH,1
KVFERCELARTLKRLGMDGYRGISLANWMCLAKWESGYNTRATNYNAGDRSTDYGIFQINSRYWCNDGKTPGAVNACHLSCSALLQDNIADAVACAKRVVRDPQGIRAWVAWRNRCQNRDVRQYVQGCGV,1
CARLNCVPKGTSGNTETCPCYASLHSCRKYG,1
RILTMTKRVKMPQLYKQIVCRLFKTC,1
PLGG,1
FLGGLLASLLGKI,1
YPELQQDLIARLL,1
FLSGILKLAFKIPSVLCAVLKNC,1
AKAWGIPPHVIPQIVPVRIRPLCGNV,1
GFWDSVKEGLKNAAVTILNKIKCKISECPPA,1
FIPGLRRLFATVVPTVVCAINKLPPG,1
GLLDSVKEGLKKVAGQLLDTLKCKISGCTPA,1
CVHWMTNTARTACIAP,1
GFFDRIKALTKNVTLELLNTITCKLPVTPP,1
FRSGILKLASKIPSVLCAVLKNC,1
FISGLIGGLMKAL,1
FITGLISGLMKAL,1
FLPAVLKVAAHILPTAICAISRRC,1
FMGTALKIAANVLPAAFCKIFKKC,1
GAFGNLLKGVAKKAGLKILSIAQCKLSGTC,1
SLFGTFAKMALKGASKLIPHLLPSRQQ,1
GVFGLLAKAALKGASKLIPHLLPSRQQ,1
KLGFENFLVKALKTVMHVPTSPLL,1
NLLGSLLKTGLKVGSNLL,1
GWASSIGSILGKFAKGGAQAFLQPK,1
GWLPTFGKILRKAMQLGPKLIQPI,1
GVWSTVLGGLKKFAKGGLEAIVNPK,1
GVWSTILGGLKKFAKGGLDAIVNPK,1
GLLSNVAGLLKQFAKGGVNAVLNPK,1
GFMSKVANFAKKFAKGGVNAIMNQK,1
GMATKAGTAFGKAAKAIIGAAL,1
ILPIRSLIKKLL,1
FLPLKKLRFGLL,1
RISKKKGKGSWIKNGLIKGIKGLGKEISLDVIRTGIDIAGCKIKGEC,1
SRSELIVHQR,1
PPCRGIFCRRVGSSSAIARPGKTLSTFITV,1
GKCNVLCQLKQKLRSIGSGSHIGSVVLPRG,1
LKLSPKTKDTLKKVLKGAIKGAIAIASMA,1
IKIPSFFRNILKKVGKEAVSLIAGALKQS,1
GIFPIFAKLLGKVIKVASSLISKGRTE,1
MLWSASMRIFASAFSTRGLGTRMLMYCSLPSRCWRK,1
VTCDLLSIKGVAEHSACAANCLSMGKAGGRCENGICLCRKTTFKELWDKRF,1
KIIFLIAI,1
EKYTEVPEYV,1
KTFTRCELVQALRRQGFDEAKLRDWVCLVENESRGRTDIVGKPNKNGSRDYGLFQINDKYWCSNTSKAGKDCNITCSQLLTDDITVASKCAKKVYKRHNFMAWYGWRNHCQNKPLPDISKC,1
LVKDNPLDISPKQVQALCTDLVIRCMCCC,1
DICTNCCAGTKGCNTTSANGAFICEGQSDPKKPKACPLNCDPHIAYA,1
LPVNSPMNKGDTEVMKCIVEVISDTLSKPSPMPVSKECFETLRGDERILSILRHQNLLKELQDLALQGAKERTHQQ,1
KINNPVSCLRKGGRCWNRCIGNTRQIGSCGVPFLKCCKRK,1
FLFSLIPHAIGGLISAFK,1
FLFSLIPSAISGLISAF,1
FRFGSFLKKVWKSKLAKKLRSKGKQLLKDYANKVLNGPEEEAAAPAE,1
NLKAIAALAKKLL,1
INLKAITALAKKLL,1
INLKAIAPLAKKLL,1
VIVKAIATLSKKLL,1
INLKAIAALVKKLL,1
INLKAIAALARNY,1
FLPIIGKLLSGLL,1
FLPIIGKLLSG,1
GHLGRPYIGGGGGFNRGGGFHRGGGFHRGGGFHSGGGFHRGGGFHSGGSFGYR,1
GLVGTLLGHIGKAILG,1
GLVGTLLGHIGKAILS,1
ADDRCERMCQRYHDRREKKQCMKGCRYG,1
ELLVDLL,1
EL,1
ELLL,1
RPDFCLEPPYTGPCKARMIRYFYNAKAGLCQPFVYGGCRAKRNNFKSSEDCMRTCGGA,1
DWTFANWSCLVCDDCSVNLTV,1
GGYKNFYGSALRKGFYEGEAGRAIRR,1
TVKCGMNGKMPCKHGAFYTDTCDKNVFYRCVWGRPVKKACGRGLVWNPRGFCDYA,1
SDYLNNNPLFPRYDIGNVELSTAYRSFANQKAPGRLNQNWALTADYTYR,1
LRPAILVRIK,1
KLKNFAKGVAQSLLNKASCKLSGQC,1
GVLSAFKNALPGIMKIIV,1
GVLSVIKNALPGIMRF,1
KTCENLSDSFKGPCIPDGNCNKHCKEKEHLLSGRCRDDFRCWCTRNC,1
KRFKKFFKKVKKSVKKRLKKIFKKPMVIGVTIPF,1
RTCESQSHKFKGPCASDHNCASVCQTERFSGGRCRGFRRRCFCTTHC,1
TPPQS,1
TVKCGMNGKMPCKHGAFYTDTCDKNVFYRCVWGRPVKKHCGRGLVWNPRGFCDYA,1
GTDSGRFCSSICGQRCSKAGMKDRCMKFCGICCGKCKCVPSGTYGNKHECPCYRDMKNSKGKPKCP,1
FFGRLKSVWSAVKHGWKAAKSR,1
AYVLDEPKPIKDLEKSLQHNLVYCRRLVLEYFLKSIFEYH,1
QVLEGLAAAVTGKLAGLWRNGEVELLGHYCSYSVTPTIRRWQLYFRGRMWCPGWTSIRGEAMTRSNSGVQGDTTRDFVTKALNAGLISQQEAQAWLDG,1
NIFDDIFGKVTETLVDFGTTDIAGNPCNYRLSPRLIKFELYFVGLVWCPGWTTIQGESLTRSRTRVVNKAVEDFAKKAVAAGIMTQEDADPLLNA,1
AGLQFPVGRIGRLLRK,1
MDSFQKIEKIGEGTYGVVYKAKDKVSGRLVALKKIRLENESEGVPSTA,1
GFGCPFDQGACHRHCQSIGRRGGYCAGFIKQTCTCYHN,1
AFGCPFDQGTCHSHCRSIRRRGRRCASFAKRTCTCYQK,1
KKCKFFCKVKKKIKSIGFQIPIVSIPFK,1
FLPVLGKVIKLVGGLL,1
FLPGLIKAAVGVGSTILCKITKKC,1
FLPGLIKAAVGIGSTIFCKISKKC,1
FLPGLIKVAVGVGSTILCKITKKC,1
FLPGLIKAAVGIGSTIFCKISRKC,1
FLPFVGKLLSGLL,1
FLPMLAGLAANFLPKIICKITKKC,1
FLPIVASLAANFLPKIICKITKKC,1
FLPLFLPKIICEITKKC,1
GILDTLKQLGKAAAQSLLSKAACKLAKTC,1
GIFSLIKTAAKFVGKNLLKQAGKAGLEHLACKANNQC,1
GADRCRERCERRHRGDWQGKQRCLMECRRREQEED,1
GIGKFLHSAGKFGKAFIGEIMKS,1
GLGSLLGKAFKFGLKTVGKMMAGAPREQ,1
GIGKFLHSAGKFGKAFLGEVMKS,1
GMASKAGSVLGKITKIALGAL,1
GLGSLLGKAFKFGLKTVGKMMGGAPREQ,1
GILDAIKAFANALG,1
GILDPIKAFAKAAG,1
GFLGPLLKLGLKGVAKVLPHLIPSRQQ,1
FLFSLIPSVIAGLVSAIRN,1
FLFSLIPSAIAGLVSAIRN,1
GSCGASIAEFNSSQILAKRAPPCRRPRLQNSEDVTHTTLP,1
GSCGAPISKYDFQVLAKRPPPCRRPRLENTEDVTHTTRP,1
MFAMKTKAALAIWCPGYSETQINATQAMKKRRKRKVTTNKCLEQVSQLQGLWRRFNRPLLKQQ,1
LGSCVANKIKDEFFAMISISAIVKAAQKKAWKELAVTVLRFAKANGLKTNAIIVAGQLALWAVQCGLS,1
QRLCEKPSGTWSGVCGNNGACRNQCIRLEKARHGSCNYVFPAHKCICYFPC,1
KACPRNCDTDIAYMVCPSSGERIIRKVCTNCCAAQKGCKLFRSNGSIKCTGT,1
FFSLIPSLVGGLISAFK,1
SDKPDVKEVESFDKSKLKKVETQEKNPLPTKETIEQEKKG,1
LRLKSIVSYAKKVL,1
KWFNEKSIQNKIDEKIGKNFLGGMAKAVVHKLAKNEFMCVANVDMTKSCDTHCQKASGEKGYCHGTKCKCGVPLSY,1
IWLTALKFLGKNLGKHLAKQQLAKL,1
IIIQYEGHKH,1
TDDRCERMCQHYHDRREKKQCMKGCRYGESD,1
KFFKRLLKSVRRAVKKFRKKPRLIGLSTLL,1
LLFGKIISRLLGN,1
VGPGGECGGRFGGCAGGQCCSRFGFCGSGPKYCAH,1
GYYCPFRQDKCHRHCRSFGRKAGYCGNFLKRTCICVKK,1
GFFCPYNGYCDRCRKKLRRRGGYCGGRWKLTCICIMN,1
GFGCPLNQGACHNHCRSIKRRGGYCSGIIKQTCTCYRK,1
PPIQNPSMAPPTQNPYGQPMTPPTQNPYGQPMAPP,1
LPFFLLSLIPSAISAIKKI,1
FWGFLGKLAMKAVPSLIGGNKSSSK,1
SPAIWGCDSFLGYCRLACFAHEASVGQKECAEGMLCCIPNV,1
FFCFKGTPCG,1
GLLSGILGAGKRIVCGLSGLC,1
GLLSGILGAGKKIVCGLSGLC,1
FFPLIAGLAARFLPKIFCSITKRC,1
FLPGLECVSGLKIVPTVFCAITRIC,1
VIPFVASVAAEMMQHVYCAASKRC,1
SFLSTFKKLAIDAAKNAGQSVLHTLTCKLDNQC,1
FFPSIAGLAAKFLPKIFCSITKRC,1
FLPAVLRVAAKVGPAVFCAITQKC,1
GIFSKFAGKGLKNLFMKGAKTIGKEVGMDVLRTGIDIAGCKIKGEC,1
GIFSKFVGKGLKNLFMKGAKTIGREVGMDVLRTGIDIAGCKIKGEC,1
GIFSKFAGRGLKNLFMKGAKKIGKEVGMDVLRTGIDIAGCKIRGEC,1
ESFLKSKTGYQGVQTLPGFIGGSQPHLGGGIGGGRPFISQPNLGGGIGGGIGGGKPFIPQPNLGGGIGSTRPFPRPQYGDYGSRNSCNRQCPSTYGGRGICCRRWGSCCPTNYK,1
LIQRGRFGRFLGRIRRFRPRINFDIRARGSIRLG,1
MGPVNEANCKAAMEIVCRREFGHKEEEDASEGVTTGDPDCPFTKAIPREEYANKYGPTIGDKIRLGDTDLIAEIEKDFALYGDESVFGGGKVI,1
FLGMLLHGVGHAIHGLIHGKQNVE,1
NPFKKLERVGQHIRDGIIKAGPAVEVIGQANSIARPAGK,1
KGFKKIEKLGRHIRDGVVKAGPAVGVVGQASSIMG,1
FEDLPNFGHIQVKVFNHGEHIHH,1
VPTRHARPRPQPRPRPGTCPDTSDIVSICVVTERNCFSDGECGAGQKCCPIGCGRECLAVGSPYGK,1
ACDFQQCWVTCQRQYSINFISARCNGDSCVCTFRT,1
GIMSSLMKKLAAHIAK,1
RRLDRGGVWNLNVNPGTTGARVWARTK,1
VKVGINGFGRIGRLVTRAAFHGKKVEIVAIND,1
YL,1
GWWRRTVDKVRNAGRKVAGFASKACGALGH,1
WGHKLRSSWNKVKHAVKKGAGYASGACRVLGH,1
FLKGCWTKWYSLKPKCPF,1
FFVLKFLLKWAGKVGLEHLACKFKNWC,1
WYVRKCANKLGTCRKTCRKGEYQTDPATGKCSIGKLCCILDLKLAGQCGGADGNQAAAGTQAAGGTRAAGGTQGTGGTGATGAAATTAAP,1
ASITHVKNRGKYIYMHLKFRKTNVLI,1
KKVWFIFHVCPKLKQRIL,1
GTKRGKLCRISRLAL,1
LRHKVYGYCVLGP,1
MKTFLRLYRSLINKVLH,1
VGRKHSILNCIPYLKKKKIMRL,1
RMKLNAKKLSFC,1
HNSSKQWSHWLWHNGIRI,1
DSYKKIDCGGACAARCRLSSRPRLCHRACGTCCARCNCVPPGTSGNTETCPCYASLTTHGNKRKCP,1
GFLDIVKGVGKVALGAVSKLF,1
GFLDVIKHVGKAALGVVTHLINQ,1
GFLDVVKHIGKAALGAVTHLINQ,1
INNWVRVPPCDQVCSRSNPEKDECCRAHGHAFHAHCNGGMNCYRR,1
MRVLLLLVSLAAVGNAYNAKVPIQTLPERLDNFPGRGPSFTRPAVVGVQTLPGRVPPQTFPGVIGVGTKPLISPPRPGFTGSTRPFQRPGQYSFTRSNCWARCPGYPNGDSLCCRQYGACCSTSYPVPYKG,1
IWSFLIKAATKLLPSLFGGGKKDS,1
GVWDWIKKTAGKIWNSEPVKALKSQALNAAKNFVAEKIGATPS,1
SYVGDCGSNGGSCVSSYCPYGNRLNYFCPLGRTCCRRSY,1
RTCESKSHRFKGPCVSTHNCANVCHNEGFGGGKCRGFRRRCYCTRHC,1
VKSGHYKGPCYHDENCNGVCRDEGYKSGHCSRWGGACWCDT,1
GHLGRPYIGGGGGFNRGGGFHRGGGFHRGGGFQSGGGFHRGGGFHSGGSFGYR,1
KRMGIFHLFWAGLRKLGNLIKNKIQQGIENFLG,1
KRIGLIRLIGKILRGLRRLG,1
KRIRFFERIRDRLRDLGNRIKNRIRDFFS,1
FIGMIPGLIGGLISAFK,1
FFGTLFKLGSKLIPGVMKLFSKKKER,1
FIGMIPGLIGGLISAIK,1
FWSFLVKAASKILPSLIGGGDDNKSSS,1
GILGKIWEGVKSLI,1
FFSMIPKIAGGIASLVKNLG,1
SGYLPGKEYVYKYKGKVF,1
ITCQQVTAELEPCVPYLTQGIP,1
INWKKIKSIIKAAMN,1
EVCEKASKTWSGNCGNTGHC,1
KEICCKVPTTPFLCTNDPQCKTLCSKVNYEDGHCFDILSKCVCMNRCVQDAKTLAAELIEEEFLKQ,1
KEICCKELTKPVKCSSDPLCQKLCMEKEKYEDGHCFTILSKCLCMKRCNAKTLATELLA,1
FFWHHIGHALDAAKRVHGMLSG,1
FFGHLFRGIINVGKHIHGLLSG,1
RNGCIVDPRCPYQQCRRPLYCRRR,1
RLNTTFRPLNFKMLRFWGQNRNIMKHRGQKVHFSLILSDCKTNKDCPKLRRANVRCRKSYCVPI,1
MAGLLRFLLSKGRALYNWAKSHVGKVWEWLKSGATYEQIKEWIENALGWR,1
SGRGKTGGKARAKAKTRSSRAGLQFPVGRVHRLLRKGNYAQRVGAGAPVY,1
SGRGKTGGKARAKAKTRSSRAGLQFPVGRVHRLLR,1
FLPAIIGMAAKVLPAFLCKITKKC,1
SFLDKFKDVAIGVAKGAGTGVLKALLCKLDNSC,1
FFFHIIKGLFHAGRMIHGLV,1
IFGLLLHGAIHVGKLIHGLVRRH,1
FFRHIKSFWKGAKAIFRGARQG,1
MDVFMKGLSKAKEGVVAAAEKTKQGVAEAAGKTKEGVLYVGSKTKEGVVHGVATVAEKTKEQVTNVGGAVVTGVTAVAQKTVEGAGSIAAATGFVKKDQLGKNEEGAPQEGILEDMPVDPDNEAYEMPSEEGYQDYEPEA,1
RHCLSQSHRFKGMCVSSNNCANVCRTESFPDGECKSHGLERKCFCKKVC,1
RTCESQSHRFKGPCARKANCASVCNTEGFPDGYCHGVRRRCMCTKPCP,1
WWWLRKIW,1
FKLLSHSLLVTLASHLP,1
AGFAAQAAASLAPVAAQQL,1
FLSMIPKIAGGIASLVKNL,1
AGFAAQAAASLAPVAVQQL,1
GIFSKLAGKKIKNLLISGLKG,1
YSYFTVV,1
YSYYTIV,1
KRLFKKLLFSLRKY,1
GFLSALKKYLPIVLKHV,1
GMASLLAKVLPHVVKLIK,1
VFLGAIAQALTSLLGKL,1
IVPFLLGMVPKLVCLITKKC,1
GVVLNVNPGKSLEEPAVKHLKVSPVNANEVPVLKELKSVQKTKSGDTLYGFVCTVGQIKTDSLGCVGSDSVAWPSEQNVELTVSCDKSNVGRIITYVEVHFVVSTQNVGCNVSAGSIGTSSIEVKVYAAGTNYLEYSSLFYIQ,1
RRGLFKKLRRKIKKGFKKIFKRLPPVGVGVSIPLAGRR,1
TRRKFWKKVLNGALKIAPFLLG,1
ASENGKCNLLCLVKKKLRAVGNVIKTVVGKIA,1
GFGCPFNARRCHRHCRSIRRRAGYCAGRLRLTCTCVR,1
FLSLIPKIATGIAALAKHL,1
GIGSAILSAGKSIIKGLAKGLAEHF,1
IIGPVLGLVGKALGGLL,1
GLTRLFSVIK,1
ALWKEVLKNAGKAALNEINNLV,1
KTKKKFLKKT,1
GILDTLKNLAKTAGKGILKSLVNTASCKLSGQC,1
KRFKKFFRKIKKGFRKIFKKTKIFIGGTIPI,1
KRNGFRKFMRRLKKFFAGGGSSIAHIKLH,1
TRSRWRRFIRGAGRFARRYGWRIALGLVG,1
FLQHIIGALGHLF,1
FIHHIIGALGHLF,1
FLQHIIGALTHIF,1
FLQHIIGALSHFF,1
FLFSLIPSAISGLISAFKGRRKRDLN,1
FLFSLIPSAISGLINAFK,1
NLVSALIEGRKYLKNVLKKLNRLKEKNKAKNSKENN,1
FLPIVAKLLSGLL,1
RSMRLSFRARGYGFR,1
FLSLIPKIAGGIASLVKNL,1
FLSLIPKIAGGIASLVKDL,1
FLSLIPHIATGIAALAKHL,1
FFSMIPKIATGIASLVKNL,1
FFSMIPKIATGIASLVKDL,1
GSKRWRKFEKRVKKIFEETKEALPVVQGVVAVATAVGRR,1
FFRNLWKGAKAAFRAGHAAWRA,1
NWYVKKCLNDVGICKKKCKPEEMHVKNGWAMCGKQRDCCVPADRRANYPVFCVQTKTTRISTVTATTATTTLMMTTASMSSMAPTPVSPTG,1
IATSPYYACNCPNNCKHKKGSGCKYHSGPSDKSKVISGKCEWQGGQLNCIAT,1
ALWKDILKNAGKAALNEINQIVQ,1
GFGCPLNERECHSHCQSIGRKFGYCGGTLRLTCICGKE,1
LEYWGKCTKAENRCKYKNDKGKDVLQNCPKFDNKKCTKDGNSCKWDSASKALTCY,1
ALWKDLLKNVGKAAGKAVLNKVTDMVNQ,1
ALWKSLLKNVGKAAGKAALNAVTDMVNQ,1
RQLKSSRRGALVCVRLKLCSAILSRGLSCGMFSCNARR,1
ALWKTMLKKLGTVALHAGKAALGAVADTISQ,1
LNLKALLAVAKKIL,1
GLLSGILGAGKKIVF,1
VLLVTLTRLHQRGVIYRKWRHFSGRKYR,1
QSHLSLCRWCCNCCHNKGCGFCCKF,1
CEKPSKFFSGPCIGSSGKTQCAYLCRRGEGLQDGNCKGLKCVCAC,1
LSVKAFTGIQLRGVCGIEVKARG,1
FIVPSIFLLKKAFCIALKKC,1
FLGSIIGALAKGLPSLIALIKK,1
RTCQSQSHRFRGPCLRRSNCANVCRTEGFPGGRCRGFRRRCFCTTHC,1
FLPILAGLAANLVPKLICSITKKC,1
KFFKKLKKSVKKHVKKFFKKPKVIGVSIPF,1
RRSIFRKLRRKIKKGLKKGIQHLLAGGRQGLPQGGRPGMI,1
RRSRFGRFFKKVRKQLGRVLRHSRITVGGRMRF,1
TRGRWKRFWRGAGRFFRRHKEKIIRAAVDIVLS,1
MAFPFSTQRINPEIEEGNASLADLPVTHAGSLPGIKAQVRTALGIALLLVA,1
GRTSKQELCTWERGSVRQADKTIAG,1
GLFSVVKGVLKGVGKNVSGSLLDQLKCKISGGC,1
KWAVRIIRKFIKGFIS,1
MSLLQRSMVLVAAVFCLSAIYVSAEAEVDANCLGCMCEAATRCNASTACHNSGGGYFCGPFHISWAYWADAGKPVLLHDDPNRLGAFEDCAKDLYCSATVVRQYMKKFAKDCDGDGVVTCKDYVRLHKLGRQGCTVPLPQDRFTTQFEECAKRLNVY,1
DDTRGGFHGGGFGRPGRPGRPGSGILDTIVDGLTGSIHGGQGGIHGGIHGGGHGGHGGVVHGRQCGVNVPTHITTGCKLFTRNLYGQYVCDRNQKPAFRCPPLRAECPLATRFGPPIQCTLDTDCPGISDKCCCDACLDHPVCKPSA,1
ALSVASPSPSCNTHCPDPYLNLPGHYVCCDQHPGKCPPVPHCPAYPRKCFYDPECGLNEKCCNTPCGGKRCISIPYSGK,1
PSRSCNTHCPDPYLNLPGHYVCCDQHPGKCFRRDKCPPHELNKGLRQTIKYCHYDPECALHEKCCYDVCIEAKVCKLPE,1
QFGGSDCIHWCRTPENQVYCCKDTHDPIPASPVAVVNPGRCPPIRGQCPNVRVFRPPTTCSSDSDCSYNNKCCFDRCLEEHVCKPTTGGFGGHGGHGGHGGHGGFGGVFGR,1
GFGCPLNQRACHRHCRSIGRRGGFCAGLIKQTCTCYRK,1
GFGCPNEWRCNAHCKRNRFRGGYCDSWFRRRCHCYG,1
SLLWRWNSMKPVGASCRDHLECGTKYCRRSICTF,1
KGARQAWKDYKYNRNMQKMNQGYGQQGG,1
FFRHIVGAISRIFGQKQRDMAD,1
VAEARQGSFSY,1
GLWSKIKDAAKTAGKAALGFVNEMV,1
APKVNVNALKKGGRVIKKGLGVIGAAGTAHEVYNHVRNRNQG,1
AAVTRRILCWFA,1
NLFRKLTHRLFRRNFGYTLR,1
GCYVNRSPYLKKFEVHYRADVKCG,1
GCSYSTRPYFLRWRLKFKSKVWCG,1
ATKAVCVLKGDGPVQGIINF,1
GLHKVMREVLGYERNSYKKFFLR,1
GFSSLFKAGAKYLLKQVGKAGAQQLACKAANNC,1
GFSSLFKAGAKYLLKQVGKAGAQQL,1
DWTCSKWSCLVCDDCSVELT,1
FLGAVLKVAGKLVPAAICKISKKC,1
FLGALFKVASKLVPAAICSISKKC,1
SLWGKLKEMAAAAGKAALNAVNGLVNQ,1
LNLKKILGKIGVMLSHLN,1
RCICLLGICRCVCRRGVC,1
RCFCRRGVCRCVCRRGVC,1
RCICLLGICRCFCRRGVC,1
RCFCRRGVCRCFCRRGVC,1
KESRAKKFQRQHMDSDSSPSSSSTYCNQMMRRRNMTQGRCKPVNTFVHEPLVDVQNVCFQEKVTCKNGQGNCYKSNSSMHITDCRLTNGSRYPNCAYRTSPKERHIIVACEGSPYVPVHFDASVEDST,1
FFGHLLRGIVSVGKHIHGLITG,1
GVIIDTLKGAAKTVAAELLRKAHCKLTNSC,1
VNDCIRIHCKDDFDCIENRLQVGCRLQREKPRCVNLVCRCLRR,1
MKNGCKHTGHCPRKMCGAKTTKCRNNKCQCVQL,1
MTLRPCLTDKDCPRMPPHNIKCRKGHCVPIGKPFK,1
IYFPVSRPCITDKDCPNMKHYKAKCRKGFCISSRVR,1
MRVLCGRDGRCPKFMCRTFL,1
ITISNSSFGRIVYWNCKTDKDCKQHRGFNFRCRSGNCIPIRR,1
AFIQLSKPCISDKECSIVKNYRARCRKGYCVRRRIR,1
AFLPTSRNCITNKDCRQVRNYIARCRKGQCLQSPVR,1
ASWKVFLKNIGKAAGKAVLNSVTDMVNQ,1
FLSLIPHIASGIASLVKNF,1
FLSLLPHIASGIASLVSKF,1
FIQHLIPLIPHAIQGIKDIF,1
FLSLIPHIVSGVASLAKHF,1
FLSMIPHIVSGVAALAKHL,1
GMWSKIKETAMAAAKEAAKAAGKTISDMIKQ,1
GMWSKIKNAGKAAAKAAAKAAGKAALDAVSEAI,1
SFLTTVKKLVTNLAALAGTVIDTIKCKVTGGCRT,1
GIKEFAHSLGKFGKAFFGGILNQ,1
SLFSLIKAGAKFLGKNMLKQGPQYPACKVSKDSENVNWKS,1
GLISTIWNTASNVAGTLTDSVKCKFKKC,1
FIFLPIFRRPVS,1
RWKLFKKIEKVGRNVRDGLIKAGPAIAVIGQAKSL,1
FLSLIPKIAGGIAALAKHL,1
FALGAVTKVLPKLFCLITRKC,1
GLKDWWNKHKDKIVKVVKEMGKAGINAA,1
FLPALAGIAGLLGKIF,1
GWLIRGAIHAGKAIHGLIHRRRH,1
