PPepDB_ID,sequence,label
PPepDB_245,DSYKKIDCGGACAARCRLSSRPRLCHRACGTCCARCNCVPPGTSGNTETCPCYASLTTHGNKRKCP,1
PPepDB_252,GTDSGRFCSSICGQRCSKAGMKDRCMKFCGICCGKCKCVPSGTYGNKHECPCYRDMKNSKGKPKCP,1
PPepDB_256,KEICCKELTKPVKCSSDPLCQKLCMEKEKYEDGHCFTILSKCLCMKRCNAKTLATELLA,1
PPepDB_257,KEICCKVPTTPFLCTNDPQCKTLCSKVNYEDGHCFDILSKCVCMNRCVQDAKTLAAELIEEEFLKQ,1
PPepDB_258,KLCERPSGTWSGVCGNNNACKNQCINLEKARHGSCNYVFPAHKCICYFPC,1
PPepDB_259,KLCERPSGTWSGVCGNSNACKNQCINLEKARHGSCNYVFPAHKCICYFPC,1
PPepDB_260,KLCERSSGTWSGVCGNNNACKNQCINLEGARHGSCNYVFPYHRCICYFPC,1
PPepDB_261,KLCQRPSGTWSGVCGNNNACKNQCINLEKARHGSCNYVFPAHKCICYFPC,1
PPepDB_264,MGPVNEANCKAAMEIVCRREFGHKEEEDASEGVTTGDPDCPFTKAIPREEYANKYGPTIGDKIRLGDTDLIAEIEKDFALYGDESVFGGGKVI,1
PPepDB_266,QRLCEKPSGTWSGVCGNNGACRNQCIRLEKARHGSCNYVFPAHKCICYFPC,1
PPepDB_267,RQRDPQQQYEQCQKHCQRRETEPRHMQTCQQRCERRYEKEKRKQQKRYEEQQREDEEKYEERMKEEDN,1
PPepDB_273,SYFSAWAGPGCNNHNARYSKCGCSNIGHNVHGGYEFVYQGQTAAAYNTDNCKGVAQTRFSSSVNQACSNFGWKSVFIQC,1
PPepDB_277,QKLCERSSGTWSGVCGNNNACKNQCINLEGARHGSCNYIFPYHRCICYFPC,1
PPepDB_595,AAKMAKNVDKPLFTATFNVQASSADYATFIAGIRNKLRNPAHFSHNEPVLPPVEPNVPPSRWFHVVLKASPTSAGLTLAIRADNIYLEGFKSSDGTWWELTPGLIPGATYVGFGGTYRDLLGDTDKLTNVALGRQQLEDAVTALHGRTKADKASGPKQQQAREAVTTLLLMVNEATRFQTVSGFVAGLLHPKAVEKKSGKIGNEMKAQVNGWQDLSAALLKTDVKPPPGKSPAKFTPIEKMGVRTAEQAAATLGI,1
PPepDB_596,AAKMAKNVDKPLFTATFNVQASSADYATFIAGIRNKLRNPAHFSHNRPVLPPVEPNVPPSRWFHVVLKASPTSAGLTLAIRADNIYLEGFKSSDGTWWELTPGLIPGATYVGFGGTYRDLLGDTDKLTNVALGRQQLADAVTALHGRTKADKPSGPKQQQAREAVTTLLLMVNEATRFQTVSGFVAGLLHPKAVEKKSGKIGNEMKAQVNGWQDLSAALLKTDVKPPPGKSPAKFAPIEKMGVRTAVQAANTLGI,1
PPepDB_600,AAVFTVVNQCPFTVWAASVPVGGGRQLNRGESWRITAPAGTTAARIWARTGCKFDASGRGSCRTGDCGGVLQCTGYGRAPNTLAEYALKQFNNLDFFDISLIDGFNVPMSFLPDGGSGCSRGPRCAVDVNARCPAELRQDGVCNNACPVFKKDEYCCVGSAANDCHPTNYSRYFKGQCPDAYSYPKDDATSTFTCPAGTNYKVVFCP,1
PPepDB_602,AEETSFVFSKFKPLEPNLILQGDALVTVAGVLQLTNVDKNGVPEPSSLGRATYSAPINIWDSATGLVASFATSFRFTIYAPNIATIADGLAFFLAPVASAPDSGGGFLGLFDSAVSGSTYQTVAVEFDTYENTVFTDPPYTHIGFDVNSISSIKTVKWSLANGEAAKVLITYNSAVKLLVASLVYPSSKTSFILADIVDLSSVLPEWVRVGFSAATGASGGKIETHDVFSWSFASKLAGXXTKDSSFLDGG,1
PPepDB_603,AEETSFVFSKFKPLEPNLILQGDALVTVAGVLQLTNVDSNGVPEPSSLGRATYSAPINIWDSATGLVASFATSFRFTIYAPNIATIADGLAFFLAPVASAPDSGGGFLGLFDSAVGDTTYQTVAVEFDTYENTVFTDPPYTHIGFDVNSISSIKTVKWSLANGEAAKVLITYNSAVKLLVASLVYPSSKTSFILADIVDLSSVLPEWVRVGFSAATGASKGYIETHDVFSWSFASKLAG,1
PPepDB_605,AIQDFCVADYSAPQGPAGYSCKNPAKVTVDNFVYSGLGITGNTTNLIKAAVTTAFDNQFPGVNGLGISLARPDLAPGGVIPFHTHPGASEIIIVIEGSLCAAFVSSDNKVYLKSLKKGDTMIFPSGLLHFQLNAGKNNALFFVAFNSPNPGLQLVDYALFGNDLATELVAAASFLDPAEIKRLKAVLGGSG,1
PPepDB_606,AKITFTNNCPRTIWPGTLTSDQKPQLPNTGFVLASKASLTLGVQAPWKGRFWARTRCTTNSGKFTCETADCSTGQVACNGNGAIPPASLVEINIAANRGMDFYDVSLVDGYNLPVSVATRGGTGDCKATSCRANVNAVCPAELQVKGSDASVLACKSACTAFNQPQYCCTGAFDTARTCPATKYSRIFKQQCPQAYSYAYDDSTSTFTCSGAPDYVITFCP,1
PPepDB_621,ANTAFVSSACNTQKIPSGSPFNRNLRAMLADLRQNTAFSGYDYKTSRAGSGGAPTAYGRATCKQSISQSDCTACLSNLVNRIFSICNNAIGARVQLVDCFIQYEQRSF,1
PPepDB_622,AQITLTNKCSYTVWPGSQANANSAQLSTTGFELPTGQSKTVDVPAPWSGKFWARTGCSNNNGVFSCATADCGNHLECSGAGEATPASLMEFTIASNGGQDFYDVSNVDGFNVPSSITPQGGSGACNVASCPANINAACPAALQFKGSDGSVIGCKSACVEFGTPEYCCTGDHNTAATCPATNYSEFFSNQCPNAYSYAYDDKRGTFTCSGSPNYAINFCP,1
PPepDB_632,ATFEVRNNCPYTVWAASTPIGGGRRLDRGQTWVINAPRGTKMARIWGRTNCNFDGDGRGSCQTGDCGGVLQCTGWGKPPNTLAEYALDQFSNLDFWDISLVDGFNIPMTFAPTNPSGGKCHAIHCTANINGECPGSLRVPGGCNNPCTTFGGQQYCCTQGPCGPTDLSRFFKQRCPDAYSYPQDDPTSTFTCPSGSTNYRVVFCPNGVTSPNFPLEMPSSDEEAK,1
PPepDB_634,ATFNIINNCPFTVWAAAVPGGGKRLDRGQNWIINPGAGTKGARVWPRTGCNFDGAGRGKCQTGDCNGLLQCQAFGQPPNTLAEYALNQFNNLDFFDISLVDGFNVAMEFSPTSGGCTRGIKCTADINGQCPNELRAPGGCNNPCTVFKTDQYCCNSGNCGLTNFSKFFKDRCPDAYSYPKDDQTSTFTCPAGTNYKVVFCP,1
PPepDB_635,ATFRITNNCGFTVWPAGIPVGGGFQLNSKQSSNINVPAGTSAGRIWGRTGCSFNNGRGSCATGDCAGALSCTLSGQPATLAEYTIGGSQDFYDISVIDGFNLAMDFSCSTGVALKCRDANCPDAYHHPNDVATHACNGNSNYQITFCP,1
PPepDB_636,ATFRITNNCGFTVWPAGIPVGGGFQLNSKQSSNINVPAGTSAGRIWGRTGCSFNNGRGSCATGDCAGALSCTLSGQPATLAEYTIGGSQDFYDISVIDGYNLAMDFSCSTGVALKCRDANCPDAYHHPNDVATHACNGNSNYQITFCP,1
PPepDB_637,ATFRITNNCGFTVWPAGIPVGGGFQLNSKQSSNINVPAGTSAGRIWGRTGCSFNNGRGSCATGDCAGALSCTLSGQPATLAEYTIGGSQDFYDISVIDGYNLAMDFSCSTGVALKCRDSGCPDAYHHPNDVATHACNGNSNYQITFCP,1
PPepDB_640,ATFTITNNCGYTVWPAAIPVGGGQQLDQGQTWTLNVPAGTNSGRIWGRTGCSFNGGSGSCQTGDCAGALSCTLSGQPATLAEFSIGGEHDYYDISVIDVYNLAMDFSCSTGDALQCRDSSCPDAYHQPDDPKTHSCNTNSNYQITFCP,1
PPepDB_644,ATIEVRNNCPYTVWAASTPIGGGRRLNRGQTWVINAPRGTKMARIWGRTGCNFNAAGRGTCQTGDCGGVLQCTGWGKPPNTLAEYALDQFSNLDFWDISLVDGFNIPMTFAPTKPSGGKCHAIHCTANINGECPRALKVPGGCNNPCTTFGGQQYCCTQGPCGPTELSKFFKKRCPDAYSYPQDDPTSTFTCPGGSTNYRVVFCPNGVADPNFPLEMPASTDEVAK,1
PPepDB_650,AVFTVVNQCPFTVWAASVPVGGGRQLNRGESWRITAPAGTTAARIWARTGCQFDASGRGSCRTGDCGGVVQCTGYGRAPNTLAEYALKQFNNLDFFDISILDGFNVPYSFLPDGGSGCSRGPRCAVDVNARCPAELRQDGVCNNACPVFKKDEYCCVGSAANNCHPTNYSRYFKGQCPDAYSYPKDDATSTFTCPAGTNYKVVFCP,1
PPepDB_652,AYSKTFLLVGLLFAVVLILSSEVSARDLAETSQTQVSVEDAKYGGYGRGYGHGKGHGYQKGHGHGKPGHGGPGHPPGHGGAGEAVEEGTQN,1
PPepDB_694,DNHLLPGERLNPGNFLKQDRYMLIMQEDCNLVLYNLNKPEWATKTANQGSRCFVTLQSDGNFVIYDEHEQEGRNEAIWASKTDGENGNYVIILQKDGNLVLYSKPIFATGTNRFGSTAVVVAKRNRKAHFGVEQNIIEVTTNL,1
PPepDB_699,DVGGGGGSQQCPQERPNLGSCKDYVMERCFTMKDFPVTWPTKWWKGGCEHEVREKCCQQLSQIAPHCRCDAIRGVIQGKLGGIFGIGGGAVFKQIQRAQILPSKCNMGVDCRFPSGYYW,1
PPepDB_700,EGGAGGGGAQQCPLGTKLDSCRNYLLDRCTTMKDFPVTWRWWTWWKGGCEELLHDCCSQLSQMPPQCRCNIIQGSIQRDLGGFFGFQRDRTVKVIQAAKNLPPRCNQGPACNIPSTIGY,1
PPepDB_701,EQCGRQAGGALCPNGLCCSEFGWCGNTEPYCKQPGCQSQCTPGGTPPGPTGDLSGIISSSQFDDMLKHRNDAACPARGFYTYNAFITAAKSFPGFGTTGDTATRKKEVAAFFGQTSHETTGGWATAPDGPYSWGYCFKQEQNPASDYCEPSATWPCASGKRYYGRGPMQLSWNYNYGLCGRAIGVDLLNNPDLVANDAVIAFKAAIWFWMTAQPPKPSCHAVIAGQWQPSDADRAAGRLPGYGVITNIINGGLEC,1
PPepDB_702,EQCGSQAGGATCPNCLCCSRFGWCGSTSDYCGDGCQSQCAGCGGGGTPVTPTPTPSGGGGVSSIVSRALFDRMLLHRNDGACQAKGFYTYDAFVAAAGAFPGFGTTGSTDTRKREVAAFLAQTSHETTGGWATAPDGAFAWGYCFKQERGATSNYCTPSAQWPCAPGKSYYGRGPIQLSHNYNYGPAGRAIGVDLLRNPDLVATDPTVSFKTAMWFWMTAQAPKPSSHAVITGQWSPSGTDRAAGRVPGFGVITN,1
PPepDB_723,ITCNDVTGNLTPCLPYLRSGGKPTPACCAGAKKLLGATRTQADRRTACKCAKTAAPQLKVRPDMASSLPGKCGISTSIPINPNVNCNTIP,1
PPepDB_727,KLCERPSGTWSGVCGNNGACRNQCIRLERARHGSCNYVFPAHKCICYFPC,1
PPepDB_728,KLCERPSGTWSGVCGNNNACRNQCINLEKARHGSCNYVFPAHKCICYFPC,1
PPepDB_747,LCKRESETWSGRCVNDYQCRDHCINNDRGNDGYCAGGYPWYRSCFCFFSC,1
PPepDB_751,LIYAKVECLTTGVRTYVGKQSWPELVGTKGKTAAATIDKENTHVTAVLCPPLTTLAACRTFDFRCDRVRVLINRIGGVVTKTPTVG,1
PPepDB_986,MASTRVLHLIALVLAVATAADAATITVVNRCSYTVWPGALPGGGVRLDPGQSWALNMPAGTAGARVWPRTGCTFDGSGRGRCITGDCGGTLACRVSGQQPTTLAEYTLGQGGNKDFFDLSVIDGFNVPMNFEPVGGSCRAARCATDITKECLKELQVPGGCASACGKFGGDTYCCRGQFEHNCPPTNYSKFFKGKCPDAYSYAKDDQTSTFTCPAGTNYQIVLCP,1
PPepDB_1228,MGYLRSSFVFFLLTFVTYTYATSFEVRNNCPYTVWAASTPIGGGRRLDRGQTWVINAPRGTSMARIWGRTNCNFDGAGRGSCQTGDCGGVLQCTGWGKPPNTLAEYALNQFSNLDFWDISLVDGFNIPMTFAPTNPSGGKCHSIQCTANINGECPAALRVPGGCNNPCTTFGGQQYCCTQGPCGPTELSKFFKQRCPDAYSYPQDDPTSTFTCPSDSTNYRVVFCPNGVTSPNFPLEMPSSTDEVAK,1
PPepDB_1295,MMKTLGAVLSLSLTILSFGGAHAAKMSFKNNCPYTVWPATQTSGKKPQLSTTGFKLAPHARFKLHTPVPWNGRFWARTGCSMDAYGKFVCATADCASGQVKCNGNGPIPPTTLAEFNIPAGGGKDFYDVSLVDGFNLPMSVNPQGGTGDCKTASCPKNVNKVCPRELQKKGANGKVVACLSACVAFQKPKYCCTPPQNTPETCPPTNYSQIFSHACPKAYSYAYDDKKGTFTCKGGPNYLITFCP,1
PPepDB_1467,QNSPQDYLAVHNDARAQVGVGPMSWDANLASRAQNYANSRAGDCNLIHSGAGENLAKGGGDFTGRAAVQLWVSERPSYNYATNQCVGGKKCRHYTQVVWRNSVRLGCGRARCNNGWWFISCNYDPVGNWIGQRPY,1
PPepDB_1468,QQATNVRATYHYYRPAQNNWDLGAPAVSAYCATWDASKPLSWRSKYGWTAFCGPAGAHGQAACGKCLRVTNPATGAQITARIVDQCANGGLDLDWDTVFTKIDTNGIGYQQGHLNVNYQFVDCRD,1
PPepDB_1469,QQATNVRATYHYYRPAQNNWDLGAPAVSAYCATWDASKPLSWRSKYGWTAFCGPAGAHGQASCGKCLQVTNPATGAQITARIVDQCANGGLDLDWDTVFTKIDTNGIGYQQGHLNVNYQFVDCRD,1
PPepDB_1470,QQCGRQAGNRRCANNLCCSQYGYCGRTNEYCCTSQGCQSQCRRCGVRTVGEIVVGDIGGIISKGMFNNILKHRDDDACEGKGFYTYEAFVAAARSFPAFGSTGDDATRKREIAAFLAQTSHETSAGWPSAPDGPYAWGYCFVRERNPPSKYCDTTTPCPKSYYGRGPIQLTWNYNYEQAGRAIGADLLNNPDLVATDAVISFKTAIWFWMTAQSSKPSCHDVITGSWRPSASDNSVCHVPDYAVVTNIISGEIEY,1
PPepDB_1471,QQCGRQGGGRTCPGNICCSQYGYCGTTADYCSPTNNCQSNCWGSGPSGPGESASNVRATYHFYNPAQNNWDLRAVSAYCSTWDADKPYAWRSKYGWTAFCGPAGPRGQASCGKCLRVKNTRTNAAVTVRIVDQCSNGGLDLDVAMFNQIDTDGFGYQQGHLIVDYQFVDCGNELIGQPDSRNMLVSAIDRV,1
PPepDB_1475,QYSVGGGYNDVGGGGGSQQCPQERPNLGSCKDYVMERCFTMKDFPLTWPTKWWKGGCEQEVREKCCQQLSQIAPQCRCDAIRGVIQGKLGGIFGIGGGDVFKQIQRAQILPSKCNMGADCKFPSGYYW,1
PPepDB_1478,RMCKTPSAKFKGYCVSSTNCKNVCRTEGFPTGSCDFHITSRKCYCYKPCP,1
PPepDB_1483,RQRDPQQQYEQCQKRCQRRETEPRHMQICQQRCERRYEKEKRKQQKRYEEQQREDEEKYEERMKEGD,1
PPepDB_1485,SGVFEVHNNCPYTVWAAATPVGGGRRLERGQSWWFWAPPGTKMARIWGRTNCNFDGAGRGWCQTGDCGGVLECKGWGKPPNTLAEYALNQFSNLDFWDISVIDGFNIPMSFGPTKPGPGKCHGIQCTANINGECPGSLRVPGGCNNPCTTFGGQQYCCTQGPCGPTELSRWFKQRCPDAYSYPQDDPTSTFTCTSWTTDYKVMFCPYG,1
PPepDB_1486,SGVFEVHNNCPYTVWAAATPVGGGRRLERGQSWWFWAPPGTKMARIWGRTNCNFDGAGRGWCQTGDCGGVLECKGWGKPPNTLAEYALNQFSNLDFWDISVIDGFNIPMSFGPTKPGPGKCHGIQCTANINGECPGSLRVPGGCNNPCTTFGGQQYCCTQGPCGPTELSRWFKQRCPDAYSYPQDDPTSTFTCTSWTTDYKVMFCPYGSAHNETTNFPLEMPTSTHEVAK,1
PPepDB_1492,STTHQEVRPLAYFPPTVWGNRFASLTFNPSEFESYDERVIVLKKKVKDILISSTSDSVETVILIDLLCRLGVSYHFENDIEELLSKIFNSQPDLVDEKECDLYTAAIVFRVFRQHGFKMSSDVFSKFKDSDGKFKESLRGDAKGMLSLFEASHLSVHGEDILEEAFAFTKDYLQSSAVELFPNLKRHITNALEQPFHSGVPRLEARKFIDLYEADIECRNETLLEFAKLDYNRVQLLHQQELCQFSKWWKDLNLA,1
PPepDB_1493,SVSSIISHAQFDRMLLHRNDGACQAKGFYTYDAFVAAANAFPGFGATGSTDARKRDVAAFLAQTSHETTGGWATAPDGAFAWGYCFKQERGAAADYCTPSAQWPCAPGKRYYGRGPIQLSHNYNYGPAGRAIGVDLLRNPDLVATDPTVSFKTALWFWMTAQAPKPSSHAVITGKWSPSGADRAAGRAPGFGVITNIINGGLECGHGQDSRVADRIGFYKRYCDILGVGYGDNLDCYNQRPFA,1
PPepDB_1501,TEMMAVEGRICERRSKTWTGFCGNTRGCDSQCKRWERASHGACHAQFPGFACFCYFNC,1
PPepDB_1526,VSSVISSSLFEKMLLHRGFYTYDAFIAAAKSFPAFATTGSTDVRKREVAAFLAQTSHETTGGWPTAPDGPYELGSTSDYFGRGPIQISYNYNYGAAGKAIGVDLLRNPDLVTSDNTVEFKTALWFWMTPQSPKPSSHDVITGRWSPSSTDKAAGRVPGYGVLTNIIDGGVECGKGQESHVADRIGYYKDNLDCYNQKPFA,1
PPepDB_1537,ELCEKASQTWSGTCGKTKHCDDQCKSWEGAAHGACHVRDGKHMCFCYFNC,1
PPepDB_1543,GSNFCDSKCKLRCSKAGLADRCLKYCGICCEECKCVPSGTYGNKHECPCYRDKKNSKGKSKCP,1
PPepDB_1546,KRDPQQREYEDCRRRCEQQEPRQQHQCQLRCREQQRQHGRGGDMMNPQRGGSGRYEEGEEEQS,1
PPepDB_1551,QDKCKKVYENYPVSKCQLANQCNYDCKLDKHARSGECFYDEKRNLQCICDYCEY,1
PPepDB_1554,QNNICKTTSKHFKGLCFADSKCRKVCIQEDKFEDGHCSKLQRKCLCTKNC,1
PPepDB_1562,VSCGDVTSSIAPCLSYVMGRESSPSSSCCSGVRTLNGKASSSADRRTACSCLKNMASSFRNLNMGNAASIPSKCGVSVAFPISTSVDCSKIN,1
PPepDB_1563,KICERASGTWKGICIHSNDCNNQCVKWENAGSGSCHYQFPNYMCFCYFDC,1
PPepDB_1643,QKLCARPSGTWSSGNCRNNNACRNFCIKLEKSRHGSCNIPFPSNKCICYFPC,1
PPepDB_1644,QKLCEKPSGTWSGVCGNSNACKNQCINLEGAKHGSCNYVFPAHKCICYFPC,1
PPepDB_1645,QKLCEKPSGTWSGVCGNSNACKNQCINLEGAKHGSCNYVFPAHKCICYVPC,1
PPepDB_1646,QKLCQRPSGTWSGVCGNNNACRNQCINLEKARHGSCNYVFPAHKCICYFPC,1
PPepDB_1647,GSSFCDSKCKLRCSKAGLADRCLKYCGICCEECKCVPSGTYGNKHECPCYRDKKNSKGKSKCP,1
PPepDB_2030,MEKKSFAGLCFLFLVLFVAQECVLQTEAKTCENLADTFRGPCFATGNCDDHCKNKEHLLRGRCRDDFRCWCTRNC,1
PPepDB_2031,MEKKSLAGLCFLFLVLFVAQEIMVTEAATCENLANTYRGPCFGGCDFHCKTKEHLLSGRCRDDFRCWCTRNC,1
PPepDB_2032,MEKKSLAGLCFLFLVLFVAQEVVLQTEAKTCENLADTYKGPCFTTGSCDDHCKNKEHLRSGRCRDDFRCWCTKNC,1
PPepDB_2043,KLCSTTMDLLICGGAIPGAVNQACDDTCRNKGYTGGGFCNMKIQRCVCRKPC,1
PPepDB_2044,XKLCERPSGTWSGVCGNNNACKNQCINLEKARHGSCNYVFPAHKCICYFPC,1
PPepDB_2045,XKLCERPSGTWSGVCGNSNACKNQCINLEKARHGSCNYVFPAHKCICYFPC,1
PPepDB_2046,XKLCERSSGTWSGVCGNNNACKNQCINLEGARHGSCNYIFPYHRCICYFPC,1
PPepDB_2047,XKLCQRPSGTWSGVCGNNNACKNQCIRLEKARHGSCNYVFPAHKCICYFPC,1
PPepDB_2048,XKLCQRPXGTWSGVCGNNNACRNQCINLEKARHGSCNYVFPAHKCICYFPC,1
PPepDB_2065,RLNTTFRPLNFKMLRFWGQNRNIMKHRGQKVHFSLILSDCKTNKDCPKLRRANVRCRKSYCVPI,1
PPepDB_2073,KACPRNCDTDIAYMVCPSSGERIIRKVCTNCCAAQKGCKLFRSNGSIKCTGT,1
PPepDB_2077,DGVKLCDVPSGTWSGHCGSSSKCSQQCKDREHFAYGGACHYQFPSVKCFCKRQC,1
PPepDB_2080,EVGGGGGSQQCPQERPKLSSCKDYVMERCFTMKDFPVTWPTKWWKGGCEHEVREKCCKQLSQIAPQCRCDSIRRVIQGRLGGFLGIWRGEVFKQLQRAQSLPSKCNMGADCKFPSGYYW,1
PPepDB_2085,AVTCNTVVSSLAPCVPFFAGSAAQPTAACCNGVRSLNSAARTTPDRRTACNCIKSSASSIGLNYNKAAKLPSRCTVNVTVPISPSVNCAT,1
PPepDB_2086,HTPTPTPICKSRSHEYKGRCIQDMDCNAACVKESESYTGGFCNGRPPFKQCFCTKPCKRERAAATLRWPGL,1
PPepDB_2087,KICERASGTWKGICIHSNDCNNQCVKWENAGSGSCHYQFPNYMCFCYFNC,1
PPepDB_2088,QKLCERPSGTWSGVCGNNGACRNQCIRLERARHGSCNYVFPAHKCICYFPC,1
PPepDB_2089,QKLCERPSGTWSGVCGNNNACRNQCINLEKARHGSCNYVFPAHKCICYFPC,1
PPepDB_2091,RHRHCFSQSHKFVGACLRESNCENVCKTEGFPSGECKWHGIVSKCHCKRIC,1
PPepDB_2092,RYCERSSGTWSGVCGNSGKCSNQCQRLEGAAHGSCNYVFPAHKCICYYPC,1
PPepDB_2093,RYCERSSGTWSGVCGNTDKCSSQCQRLEGAAHGSCNYVFPAHKCICYYPC,1
PPepDB_2102,RESPSSRMECYEQAERYGYGGYGGGRYGGGYGSGRGQPVGQGVERSHDDNRNQPR,1
PPepDB_2134,GIFSSRKCKTPSKTFKGICTRDSNCDTSCRYEGYPAGDCKGIRRRCMCSKPC,1
PPepDB_2148,KFCEKPSGTWSGVCGNSGACKDQCIRLEGAKHGSCNYKLPAHRCICYYEC,1
PPepDB_2149,KFCEKPSGTWSGVCGNSGACKDQCIRLEGAKHGSCNYKPPAHRCICYYEC,1
PPepDB_2152,RMCKTPSGKFKGYCVNNTNCKNVCRTEGFPTGSCDFHVAGRKCYCYKPCP,1
PPepDB_2175,ELCEKASKTWSGNCGNTGHCDNQCKSWEGAAHGACHVRNGKHMCFCYFNC,1
PPepDB_2181,QNICPRVNRIVTPCVAYGLGRAPIAPCCRALNDLRFVNTRNLRRAACRCLVGVVNRNPGLRRNPRFQNIPRDCRNTFVRPFWWRPRIQCGRIN,1
PPepDB_2184,RQRDPQQQYEQCQERCQRHETEPRHMQTCQQRCERRYEKEKRKQQKRYEEQQREDEEKYEERMKEED,1
PPepDB_2187,SAFTVWSGPGCNNRAERYSKCGCSAIHQKGGYDFSYTGQTAALYNQAGCSGVAHTRFGSSARACNPFGWKSIFIQC,1
PPepDB_2188,YSYKKIDCGGACAARCRLSSRPRLCNRACGTCCARCNCVPPGTSGNTETCPCYASLTTHGNKRKCP,1
PPepDB_2220,KLCERSSGTWSGVCGNNNACKNQCIRLEGAQHGSCNYVFPAHKCICYFPC,1
PPepDB_2221,LCNERPSQTWSGNCGNTAHCDKQCQDWEKASHGACHKRENHWKCFCYFNC,1
PPepDB_2255,NEMGGPLVVEARTCESQSHKFKGTCLSDTNCANVCHSERFSGGKCRGFRRRCFCTTHC,1
PPepDB_2605,KVCQRPSKTWSGFCGSSKNCDRQCKNWEGAKHGACHAKFPGVACFCYFNC,1
PPepDB_3366,KLCQKRSTTWSGPCLNTGNCKRQCINVEHATFGACHRQGFGFACFCYKKC,1
PPepDB_3370,KLXERSSGTWSGVXGNNNAXKNQXIRLEGAQHGSXNYVFPAHKXIXYFPX,1
PPepDB_3449,LQRQYQQCQGRCQEQQQGQREQQQCQRKCWEQYKEQERGEHENYHNHKKNRSEEEEQQS,1
PPepDB_3476,MAGKGVGSRLSTLFLLVLLVITIGMMQVQVAEGRMCKTPSGKFKGYCVNNTNCKNVCRTEGFPTGSCDFHVAGRKCYKPCP,1
PPepDB_3487,MGPVNEANCKAAMEIVCRREFGHKEEEDASEGVTTGDPDCPFTKAIPREEYANKYGPTIGDKIRLGDTDLIAEIEKDFALYGDESVFGGGKVIHHHHHH,1
PPepDB_3502,MTQFNIPVTMSSSLSIILVILVSLRTALSSFGLCRLRRGFCARGRCRFPSIPIGRCSRFVQCCRRVW,1
PPepDB_3504,MVCLLILGLVLEQVQVEGKSCCRSTLGRNCYNLCRVRGAQKLCAGVCRCKLTSSGKCPTGFPK,1
PPepDB_3857,QKLCQRPSGTWSGVCGNNNACKNQCIRLEKARHGSCNYVFPAHKCICYFPC,1
PPepDB_3862,AIGCNTVASKMAPCLPYVTGKGPLGGCCGGVKGLIDAARTTPDRQAVCNCLKTLAKSYSGINLGNAAGLPGKCGVSIPYQISPNTDCSKVH,1
PPepDB_3905,ITCGLVASKLAPCIGYLQGAPGPSAACCGGIKSLNSAAASPADRKTACTCLKSAATSMKGINYGKAASLPRQCGVSIPYAISPNTNCNAIH,1
PPepDB_3930,MTCGQVQGNLAQCIGFLQKGGVVPPSCCTGVKNILNSSRTTADRRAVCSCLKAAAGAVRGINPNNAEALPGKCGVNIPYKISTSTNCNSIN,1
PPepDB_3949,AVSCGDVTSSIAPCLSYVMGRESSPSSSCCSGVRTLNGKASSSADRRTACSCLKNMASSFRNLNMGNAASIPSKCGVSVAFPISTSVDCSKIN,1
PPepDB_3950,ITCGLVASKLAPCIGYLQGAPGPSAACCGGIKSLNSAAASPADRKTACTCLKSAATSIKGINYGKAASLPRQCGVSVPYAISPNTNCNAIH,1
PPepDB_3952,QKLCERPSGTWSGVCGNSNACKNQCINLEKARHGSCNYVFPAHKCICYFPC,1
PPepDB_3959,AISCGQVSSALSPCISYARGNGAKPPAACCSGVKRLAGAAQSTADKQAACKCIKSAAGGLNAGKAAGIPSMCGVSVPYAISASVDCSKIR,1
PPepDB_3960,AITCGQVSSALGPCAAYAKGSGTSPSAGCCSGVKRLAGLARSTADKQATCRCLKSVAGAYNAGRAAGIPSRCGVSVPYTISASVDCSKIH,1
PPepDB_3972,QKLCERPSGTWSGVCGNNNACKNQCINLEKARHGSCNYVFPAHKCICYFPC,1
